ISO-10303-21;
HEADER;
/* Generated by software containing ST-Developer
 * from STEP Tools, Inc. (www.steptools.com) 
 */
/* OPTION: using custom renumber hook */

FILE_DESCRIPTION(
/* description */ ('STEP AP242 Edition 2',
'CAx-IF Rec.Pracs.---Representation and Presentation of Product Manufa
cturing Information (PMI)---4.0---2014-10-13',
'CAx-IF Rec.Pracs.---3D Tessellated Geometry---0.4---2014-09-14','2;1',
'CAx-IF Rec.Pracs.---User Defined Attributes---1.5---2016-08-15'),
/* implementation_level */ '2;1');

FILE_NAME(
/* name */ 'QuickLink_210 - Posoda_V5',
/* time_stamp */ '2026-09-01T09:12:12Z',
/* author */ (''),
/* organization */ (''),
/* preprocessor_version */ 'ST-DEVELOPER v20',
/* originating_system */ 'ONSHAPE BY PTC INC, 1.220',
/* authorisation */ '  ');

FILE_SCHEMA (('AP242_MANAGED_MODEL_BASED_3D_ENGINEERING_MIM_LF { 1 0 10303 442 3 1 4 }'));
ENDSEC;

DATA;
#10=SHAPE_REPRESENTATION_RELATIONSHIP('','',#368,#11);
#11=ADVANCED_BREP_SHAPE_REPRESENTATION('',(#366),#2668);
#12=CONICAL_SURFACE('',#395,0.00491898328705011,0.844153924970075);
#13=(
BOUNDED_CURVE()
B_SPLINE_CURVE(2,(#846,#847,#848,#849,#850,#851,#852,#853,#854,#855,#856,
#857,#858,#859,#860,#861,#862,#863,#864,#865,#866,#867,#868,#869,#870,#871,
#872,#873,#874,#875,#876,#877,#878,#879,#880,#881,#882,#883,#884,#885,#886,
#887,#888,#889,#890,#891,#892,#893,#894,#895,#896,#897,#898,#899,#900,#901,
#902,#903,#904,#905,#906,#907,#908,#909,#910,#911,#912,#913,#914,#915,#916,
#917,#918,#919,#920,#921,#922,#923,#924,#925,#926,#927,#928,#929,#930,#931,
#932,#933,#934,#935,#936,#937,#938,#939,#940,#941,#942,#943,#944,#945,#946,
#947,#948,#949,#950,#951,#952,#953,#954,#955,#956,#957,#958,#959,#960,#961,
#962,#963,#964,#965,#966),.UNSPECIFIED.,.F.,.F.)
B_SPLINE_CURVE_WITH_KNOTS((3,2,2,2,2,2,2,2,2,2,2,2,2,2,2,2,2,2,2,2,2,2,
2,2,2,2,2,2,2,2,2,2,2,2,2,2,2,2,2,2,2,2,2,2,2,2,2,2,2,2,2,2,2,2,2,2,2,2,
2,2,3),(0.,0.0166666666666666,0.0333333333333333,0.05,0.0666666666666667,
0.0833333333333333,0.1,0.116666666666667,0.133333333333333,0.15,0.166666666666667,
0.183333333333334,0.2,0.216666666666667,0.233333333333334,0.25,0.266666666666666,
0.283333333333334,0.3,0.316666666666666,0.333333333333334,0.35,0.366666666666666,
0.383333333333334,0.4,0.416666666666667,0.433333333333334,0.45,0.466666666666667,
0.483333333333333,0.5,0.516666666666667,0.533333333333333,0.55,0.566666666666667,
0.583333333333333,0.6,0.616666666666667,0.633333333333333,0.65,0.666666666666667,
0.683333333333333,0.7,0.716666666666667,0.733333333333333,0.75,0.766666666666667,
0.783333333333333,0.8,0.816666666666667,0.833333333333333,0.85,0.866666666666667,
0.883333333333333,0.9,0.916666666666667,0.933333333333333,0.95,0.966666666666667,
0.983333333333333,1.),.UNSPECIFIED.)
CURVE()
GEOMETRIC_REPRESENTATION_ITEM()
RATIONAL_B_SPLINE_CURVE((1.,0.866025403784439,1.,0.866025403784439,1.,0.866025403784439,
1.,0.866025403784439,1.,0.866025403784439,1.,0.866025403784439,1.,0.866025403784439,
1.,0.866025403784439,1.,0.866025403784439,1.,0.866025403784439,1.,0.866025403784439,
1.,0.866025403784439,1.,0.866025403784439,1.,0.866025403784439,1.,0.866025403784439,
1.,0.866025403784439,1.,0.866025403784439,1.,0.866025403784439,1.,0.866025403784439,
1.,0.866025403784439,1.,0.866025403784439,1.,0.866025403784439,1.,0.866025403784439,
1.,0.866025403784439,1.,0.866025403784439,1.,0.866025403784439,1.,0.866025403784439,
1.,0.866025403784439,1.,0.866025403784439,1.,0.866025403784439,1.,0.866025403784439,
1.,0.866025403784439,1.,0.866025403784439,1.,0.866025403784439,1.,0.866025403784439,
1.,0.866025403784439,1.,0.866025403784439,1.,0.866025403784439,1.,0.866025403784439,
1.,0.866025403784439,1.,0.866025403784439,1.,0.866025403784439,1.,0.866025403784439,
1.,0.866025403784439,1.,0.866025403784439,1.,0.866025403784439,1.,0.866025403784439,
1.,0.866025403784439,1.,0.866025403784439,1.,0.866025403784439,1.,0.866025403784439,
1.,0.866025403784439,1.,0.866025403784439,1.,0.866025403784439,1.,0.866025403784439,
1.,0.866025403784439,1.,0.866025403784439,1.,0.866025403784439,1.,0.866025403784439,
1.,0.866025403784439,1.))
REPRESENTATION_ITEM('')
);
#14=(
BOUNDED_CURVE()
B_SPLINE_CURVE(2,(#967,#968,#969,#970,#971,#972,#973,#974,#975,#976,#977,
#978,#979,#980,#981,#982,#983,#984,#985,#986,#987,#988,#989,#990,#991,#992,
#993,#994,#995,#996,#997,#998,#999,#1000,#1001,#1002,#1003,#1004,#1005,
#1006,#1007,#1008,#1009,#1010,#1011,#1012,#1013,#1014,#1015,#1016,#1017,
#1018,#1019,#1020,#1021,#1022,#1023,#1024,#1025,#1026,#1027,#1028,#1029,
#1030,#1031,#1032,#1033,#1034,#1035,#1036,#1037,#1038,#1039,#1040,#1041,
#1042,#1043,#1044,#1045,#1046,#1047,#1048,#1049,#1050,#1051,#1052,#1053,
#1054,#1055,#1056,#1057,#1058,#1059,#1060,#1061,#1062,#1063,#1064,#1065,
#1066,#1067,#1068,#1069,#1070,#1071,#1072,#1073,#1074,#1075,#1076,#1077,
#1078,#1079,#1080,#1081,#1082,#1083,#1084,#1085,#1086,#1087),
 .UNSPECIFIED.,.F.,.F.)
B_SPLINE_CURVE_WITH_KNOTS((3,2,2,2,2,2,2,2,2,2,2,2,2,2,2,2,2,2,2,2,2,2,
2,2,2,2,2,2,2,2,2,2,2,2,2,2,2,2,2,2,2,2,2,2,2,2,2,2,2,2,2,2,2,2,2,2,2,2,
2,2,3),(0.,0.0166666666666666,0.0333333333333333,0.05,0.0666666666666667,
0.0833333333333333,0.1,0.116666666666667,0.133333333333333,0.15,0.166666666666667,
0.183333333333334,0.2,0.216666666666667,0.233333333333334,0.25,0.266666666666666,
0.283333333333334,0.3,0.316666666666666,0.333333333333334,0.35,0.366666666666666,
0.383333333333334,0.4,0.416666666666667,0.433333333333334,0.45,0.466666666666667,
0.483333333333333,0.5,0.516666666666667,0.533333333333333,0.55,0.566666666666667,
0.583333333333333,0.6,0.616666666666667,0.633333333333333,0.65,0.666666666666667,
0.683333333333333,0.7,0.716666666666667,0.733333333333333,0.75,0.766666666666667,
0.783333333333333,0.8,0.816666666666667,0.833333333333333,0.85,0.866666666666667,
0.883333333333333,0.9,0.916666666666667,0.933333333333333,0.95,0.966666666666667,
0.983333333333333,1.),.UNSPECIFIED.)
CURVE()
GEOMETRIC_REPRESENTATION_ITEM()
RATIONAL_B_SPLINE_CURVE((1.,0.866025403784439,1.,0.866025403784439,1.,0.866025403784439,
1.,0.866025403784439,1.,0.866025403784439,1.,0.866025403784439,1.,0.866025403784439,
1.,0.866025403784439,1.,0.866025403784439,1.,0.866025403784439,1.,0.866025403784439,
1.,0.866025403784439,1.,0.866025403784439,1.,0.866025403784439,1.,0.866025403784439,
1.,0.866025403784439,1.,0.866025403784439,1.,0.866025403784439,1.,0.866025403784439,
1.,0.866025403784439,1.,0.866025403784439,1.,0.866025403784439,1.,0.866025403784439,
1.,0.866025403784439,1.,0.866025403784439,1.,0.866025403784439,1.,0.866025403784439,
1.,0.866025403784439,1.,0.866025403784439,1.,0.866025403784439,1.,0.866025403784439,
1.,0.866025403784439,1.,0.866025403784439,1.,0.866025403784439,1.,0.866025403784439,
1.,0.866025403784439,1.,0.866025403784439,1.,0.866025403784439,1.,0.866025403784439,
1.,0.866025403784439,1.,0.866025403784439,1.,0.866025403784439,1.,0.866025403784439,
1.,0.866025403784439,1.,0.866025403784439,1.,0.866025403784439,1.,0.866025403784439,
1.,0.866025403784439,1.,0.866025403784439,1.,0.866025403784439,1.,0.866025403784439,
1.,0.866025403784439,1.,0.866025403784439,1.,0.866025403784439,1.,0.866025403784439,
1.,0.866025403784439,1.,0.866025403784439,1.,0.866025403784439,1.,0.866025403784439,
1.,0.866025403784439,1.))
REPRESENTATION_ITEM('')
);
#15=(
BOUNDED_CURVE()
B_SPLINE_CURVE(2,(#1254,#1255,#1256,#1257,#1258,#1259,#1260,#1261,#1262,
#1263,#1264,#1265,#1266,#1267,#1268,#1269,#1270,#1271,#1272,#1273,#1274,
#1275,#1276,#1277,#1278,#1279,#1280,#1281,#1282,#1283,#1284,#1285,#1286,
#1287,#1288,#1289,#1290,#1291,#1292,#1293,#1294,#1295,#1296,#1297,#1298,
#1299,#1300,#1301,#1302,#1303,#1304,#1305,#1306,#1307,#1308,#1309,#1310,
#1311,#1312,#1313,#1314,#1315,#1316,#1317,#1318,#1319,#1320,#1321,#1322,
#1323,#1324,#1325,#1326,#1327,#1328,#1329,#1330,#1331,#1332,#1333,#1334,
#1335,#1336,#1337,#1338,#1339,#1340,#1341,#1342,#1343,#1344,#1345,#1346,
#1347,#1348,#1349,#1350,#1351,#1352,#1353,#1354,#1355,#1356,#1357,#1358,
#1359,#1360,#1361,#1362,#1363,#1364,#1365,#1366,#1367,#1368,#1369,#1370,
#1371,#1372,#1373,#1374),.UNSPECIFIED.,.F.,.F.)
B_SPLINE_CURVE_WITH_KNOTS((3,2,2,2,2,2,2,2,2,2,2,2,2,2,2,2,2,2,2,2,2,2,
2,2,2,2,2,2,2,2,2,2,2,2,2,2,2,2,2,2,2,2,2,2,2,2,2,2,2,2,2,2,2,2,2,2,2,2,
2,2,3),(0.,0.0166666666666666,0.0333333333333333,0.05,0.0666666666666667,
0.0833333333333333,0.1,0.116666666666667,0.133333333333333,0.15,0.166666666666667,
0.183333333333334,0.2,0.216666666666667,0.233333333333334,0.25,0.266666666666666,
0.283333333333334,0.3,0.316666666666666,0.333333333333334,0.35,0.366666666666666,
0.383333333333334,0.4,0.416666666666667,0.433333333333334,0.45,0.466666666666667,
0.483333333333333,0.5,0.516666666666667,0.533333333333333,0.55,0.566666666666667,
0.583333333333333,0.6,0.616666666666667,0.633333333333333,0.65,0.666666666666667,
0.683333333333333,0.7,0.716666666666667,0.733333333333333,0.75,0.766666666666667,
0.783333333333333,0.8,0.816666666666667,0.833333333333333,0.85,0.866666666666667,
0.883333333333333,0.9,0.916666666666667,0.933333333333333,0.95,0.966666666666667,
0.983333333333333,1.),.UNSPECIFIED.)
CURVE()
GEOMETRIC_REPRESENTATION_ITEM()
RATIONAL_B_SPLINE_CURVE((1.,0.866025403784439,1.,0.866025403784439,1.,0.866025403784439,
1.,0.866025403784439,1.,0.866025403784439,1.,0.866025403784439,1.,0.866025403784439,
1.,0.866025403784439,1.,0.866025403784439,1.,0.866025403784439,1.,0.866025403784439,
1.,0.866025403784439,1.,0.866025403784439,1.,0.866025403784439,1.,0.866025403784439,
1.,0.866025403784439,1.,0.866025403784439,1.,0.866025403784439,1.,0.866025403784439,
1.,0.866025403784439,1.,0.866025403784439,1.,0.866025403784439,1.,0.866025403784439,
1.,0.866025403784439,1.,0.866025403784439,1.,0.866025403784439,1.,0.866025403784439,
1.,0.866025403784439,1.,0.866025403784439,1.,0.866025403784439,1.,0.866025403784439,
1.,0.866025403784439,1.,0.866025403784439,1.,0.866025403784439,1.,0.866025403784439,
1.,0.866025403784439,1.,0.866025403784439,1.,0.866025403784439,1.,0.866025403784439,
1.,0.866025403784439,1.,0.866025403784439,1.,0.866025403784439,1.,0.866025403784439,
1.,0.866025403784439,1.,0.866025403784439,1.,0.866025403784439,1.,0.866025403784439,
1.,0.866025403784439,1.,0.866025403784439,1.,0.866025403784439,1.,0.866025403784439,
1.,0.866025403784439,1.,0.866025403784439,1.,0.866025403784439,1.,0.866025403784439,
1.,0.866025403784439,1.,0.866025403784439,1.,0.866025403784439,1.,0.866025403784439,
1.,0.866025403784439,1.))
REPRESENTATION_ITEM('')
);
#16=(
BOUNDED_CURVE()
B_SPLINE_CURVE(2,(#1375,#1376,#1377,#1378,#1379,#1380,#1381,#1382,#1383,
#1384,#1385,#1386,#1387,#1388,#1389,#1390,#1391,#1392,#1393,#1394,#1395,
#1396,#1397,#1398,#1399,#1400,#1401,#1402,#1403,#1404,#1405,#1406,#1407,
#1408,#1409,#1410,#1411,#1412,#1413,#1414,#1415,#1416,#1417,#1418,#1419,
#1420,#1421,#1422,#1423,#1424,#1425,#1426,#1427,#1428,#1429,#1430,#1431,
#1432,#1433,#1434,#1435,#1436,#1437,#1438,#1439,#1440,#1441,#1442,#1443,
#1444,#1445,#1446,#1447,#1448,#1449,#1450,#1451,#1452,#1453,#1454,#1455,
#1456,#1457,#1458,#1459,#1460,#1461,#1462,#1463,#1464,#1465,#1466,#1467,
#1468,#1469,#1470,#1471,#1472,#1473,#1474,#1475,#1476,#1477,#1478,#1479,
#1480,#1481,#1482,#1483,#1484,#1485,#1486,#1487,#1488,#1489,#1490,#1491,
#1492,#1493,#1494,#1495),.UNSPECIFIED.,.F.,.F.)
B_SPLINE_CURVE_WITH_KNOTS((3,2,2,2,2,2,2,2,2,2,2,2,2,2,2,2,2,2,2,2,2,2,
2,2,2,2,2,2,2,2,2,2,2,2,2,2,2,2,2,2,2,2,2,2,2,2,2,2,2,2,2,2,2,2,2,2,2,2,
2,2,3),(0.,0.0166666666666666,0.0333333333333333,0.05,0.0666666666666667,
0.0833333333333333,0.1,0.116666666666667,0.133333333333333,0.15,0.166666666666667,
0.183333333333334,0.2,0.216666666666667,0.233333333333334,0.25,0.266666666666666,
0.283333333333334,0.3,0.316666666666666,0.333333333333334,0.35,0.366666666666666,
0.383333333333334,0.4,0.416666666666667,0.433333333333334,0.45,0.466666666666667,
0.483333333333333,0.5,0.516666666666667,0.533333333333333,0.55,0.566666666666667,
0.583333333333333,0.6,0.616666666666667,0.633333333333333,0.65,0.666666666666667,
0.683333333333333,0.7,0.716666666666667,0.733333333333333,0.75,0.766666666666667,
0.783333333333333,0.8,0.816666666666667,0.833333333333333,0.85,0.866666666666667,
0.883333333333333,0.9,0.916666666666667,0.933333333333333,0.95,0.966666666666667,
0.983333333333333,1.),.UNSPECIFIED.)
CURVE()
GEOMETRIC_REPRESENTATION_ITEM()
RATIONAL_B_SPLINE_CURVE((1.,0.866025403784439,1.,0.866025403784439,1.,0.866025403784439,
1.,0.866025403784439,1.,0.866025403784439,1.,0.866025403784439,1.,0.866025403784439,
1.,0.866025403784439,1.,0.866025403784439,1.,0.866025403784439,1.,0.866025403784439,
1.,0.866025403784439,1.,0.866025403784439,1.,0.866025403784439,1.,0.866025403784439,
1.,0.866025403784439,1.,0.866025403784439,1.,0.866025403784439,1.,0.866025403784439,
1.,0.866025403784439,1.,0.866025403784439,1.,0.866025403784439,1.,0.866025403784439,
1.,0.866025403784439,1.,0.866025403784439,1.,0.866025403784439,1.,0.866025403784439,
1.,0.866025403784439,1.,0.866025403784439,1.,0.866025403784439,1.,0.866025403784439,
1.,0.866025403784439,1.,0.866025403784439,1.,0.866025403784439,1.,0.866025403784439,
1.,0.866025403784439,1.,0.866025403784439,1.,0.866025403784439,1.,0.866025403784439,
1.,0.866025403784439,1.,0.866025403784439,1.,0.866025403784439,1.,0.866025403784439,
1.,0.866025403784439,1.,0.866025403784439,1.,0.866025403784439,1.,0.866025403784439,
1.,0.866025403784439,1.,0.866025403784439,1.,0.866025403784439,1.,0.866025403784439,
1.,0.866025403784439,1.,0.866025403784439,1.,0.866025403784439,1.,0.866025403784439,
1.,0.866025403784439,1.,0.866025403784439,1.,0.866025403784439,1.,0.866025403784439,
1.,0.866025403784439,1.))
REPRESENTATION_ITEM('')
);
#17=(
BOUNDED_CURVE()
B_SPLINE_CURVE(2,(#1949,#1950,#1951,#1952,#1953,#1954,#1955,#1956,#1957,
#1958,#1959,#1960,#1961,#1962,#1963,#1964,#1965,#1966,#1967,#1968,#1969,
#1970,#1971,#1972,#1973,#1974,#1975,#1976,#1977,#1978,#1979,#1980,#1981,
#1982,#1983,#1984,#1985,#1986,#1987,#1988,#1989,#1990,#1991,#1992,#1993,
#1994,#1995,#1996,#1997,#1998,#1999,#2000,#2001,#2002,#2003,#2004,#2005,
#2006,#2007,#2008,#2009,#2010,#2011,#2012,#2013,#2014,#2015,#2016,#2017,
#2018,#2019,#2020,#2021,#2022,#2023,#2024,#2025,#2026,#2027,#2028,#2029,
#2030,#2031,#2032,#2033),.UNSPECIFIED.,.F.,.F.)
B_SPLINE_CURVE_WITH_KNOTS((3,2,2,2,2,2,2,2,2,2,2,2,2,2,2,2,2,2,2,2,2,2,
2,2,2,2,2,2,2,2,2,2,2,2,2,2,2,2,2,2,2,2,3),(0.,0.0238095238095238,0.0476190476190476,
0.0714285714285714,0.0952380952380952,0.119047619047619,0.142857142857143,
0.166666666666667,0.19047619047619,0.214285714285714,0.238095238095238,
0.261904761904762,0.285714285714286,0.309523809523809,0.333333333333334,
0.357142857142857,0.380952380952381,0.404761904761905,0.428571428571428,
0.452380952380952,0.476190476190476,0.5,0.523809523809524,0.547619047619048,
0.571428571428571,0.595238095238095,0.619047619047619,0.642857142857143,
0.666666666666667,0.690476190476191,0.714285714285714,0.738095238095238,
0.761904761904762,0.785714285714286,0.80952380952381,0.833333333333333,
0.857142857142857,0.880952380952381,0.904761904761905,0.928571428571429,
0.952380952380952,0.976190476190476,1.),.UNSPECIFIED.)
CURVE()
GEOMETRIC_REPRESENTATION_ITEM()
RATIONAL_B_SPLINE_CURVE((1.,0.866025403784439,1.,0.866025403784439,1.,0.866025403784439,
1.,0.866025403784439,1.,0.866025403784439,1.,0.866025403784439,1.,0.866025403784439,
1.,0.866025403784439,1.,0.866025403784439,1.,0.866025403784439,1.,0.866025403784439,
1.,0.866025403784439,1.,0.866025403784439,1.,0.866025403784439,1.,0.866025403784439,
1.,0.866025403784439,1.,0.866025403784439,1.,0.866025403784439,1.,0.866025403784439,
1.,0.866025403784439,1.,0.866025403784439,1.,0.866025403784439,1.,0.866025403784439,
1.,0.866025403784439,1.,0.866025403784439,1.,0.866025403784439,1.,0.866025403784439,
1.,0.866025403784439,1.,0.866025403784439,1.,0.866025403784439,1.,0.866025403784439,
1.,0.866025403784439,1.,0.866025403784439,1.,0.866025403784439,1.,0.866025403784439,
1.,0.866025403784439,1.,0.866025403784439,1.,0.866025403784439,1.,0.866025403784439,
1.,0.866025403784439,1.,0.866025403784439,1.,0.866025403784439,1.))
REPRESENTATION_ITEM('')
);
#18=(
BOUNDED_CURVE()
B_SPLINE_CURVE(2,(#2041,#2042,#2043,#2044,#2045,#2046,#2047,#2048,#2049,
#2050,#2051,#2052,#2053,#2054,#2055,#2056,#2057,#2058,#2059,#2060,#2061,
#2062,#2063,#2064,#2065,#2066,#2067,#2068,#2069,#2070,#2071,#2072,#2073,
#2074,#2075,#2076,#2077,#2078,#2079,#2080,#2081,#2082,#2083,#2084,#2085,
#2086,#2087,#2088,#2089,#2090,#2091,#2092,#2093,#2094,#2095,#2096,#2097,
#2098,#2099,#2100,#2101,#2102,#2103,#2104,#2105,#2106,#2107,#2108,#2109,
#2110,#2111,#2112,#2113,#2114,#2115,#2116,#2117,#2118,#2119,#2120,#2121,
#2122,#2123,#2124,#2125),.UNSPECIFIED.,.F.,.F.)
B_SPLINE_CURVE_WITH_KNOTS((3,2,2,2,2,2,2,2,2,2,2,2,2,2,2,2,2,2,2,2,2,2,
2,2,2,2,2,2,2,2,2,2,2,2,2,2,2,2,2,2,2,2,3),(0.,0.0238095238095238,0.0476190476190476,
0.0714285714285714,0.0952380952380952,0.119047619047619,0.142857142857143,
0.166666666666667,0.19047619047619,0.214285714285714,0.238095238095238,
0.261904761904762,0.285714285714286,0.309523809523809,0.333333333333334,
0.357142857142857,0.380952380952381,0.404761904761905,0.428571428571428,
0.452380952380952,0.476190476190476,0.5,0.523809523809524,0.547619047619048,
0.571428571428571,0.595238095238095,0.619047619047619,0.642857142857143,
0.666666666666667,0.690476190476191,0.714285714285714,0.738095238095238,
0.761904761904762,0.785714285714286,0.80952380952381,0.833333333333333,
0.857142857142857,0.880952380952381,0.904761904761905,0.928571428571429,
0.952380952380952,0.976190476190476,1.),.UNSPECIFIED.)
CURVE()
GEOMETRIC_REPRESENTATION_ITEM()
RATIONAL_B_SPLINE_CURVE((1.,0.866025403784439,1.,0.866025403784439,1.,0.866025403784439,
1.,0.866025403784439,1.,0.866025403784439,1.,0.866025403784439,1.,0.866025403784439,
1.,0.866025403784439,1.,0.866025403784439,1.,0.866025403784439,1.,0.866025403784439,
1.,0.866025403784439,1.,0.866025403784439,1.,0.866025403784439,1.,0.866025403784439,
1.,0.866025403784439,1.,0.866025403784439,1.,0.866025403784439,1.,0.866025403784439,
1.,0.866025403784439,1.,0.866025403784439,1.,0.866025403784439,1.,0.866025403784439,
1.,0.866025403784439,1.,0.866025403784439,1.,0.866025403784439,1.,0.866025403784439,
1.,0.866025403784439,1.,0.866025403784439,1.,0.866025403784439,1.,0.866025403784439,
1.,0.866025403784439,1.,0.866025403784439,1.,0.866025403784439,1.,0.866025403784439,
1.,0.866025403784439,1.,0.866025403784439,1.,0.866025403784439,1.,0.866025403784439,
1.,0.866025403784439,1.,0.866025403784439,1.,0.866025403784439,1.))
REPRESENTATION_ITEM('')
);
#19=(
BOUNDED_CURVE()
B_SPLINE_CURVE(2,(#2129,#2130,#2131,#2132,#2133,#2134,#2135,#2136,#2137,
#2138,#2139,#2140,#2141,#2142,#2143,#2144,#2145,#2146,#2147,#2148,#2149,
#2150,#2151,#2152,#2153,#2154,#2155,#2156,#2157,#2158,#2159,#2160,#2161,
#2162,#2163,#2164,#2165,#2166,#2167,#2168,#2169,#2170,#2171,#2172,#2173,
#2174,#2175,#2176,#2177,#2178,#2179,#2180,#2181,#2182,#2183,#2184,#2185,
#2186,#2187,#2188,#2189,#2190,#2191,#2192,#2193,#2194,#2195,#2196,#2197,
#2198,#2199,#2200,#2201,#2202,#2203,#2204,#2205,#2206,#2207,#2208,#2209,
#2210,#2211,#2212,#2213),.UNSPECIFIED.,.F.,.F.)
B_SPLINE_CURVE_WITH_KNOTS((3,2,2,2,2,2,2,2,2,2,2,2,2,2,2,2,2,2,2,2,2,2,
2,2,2,2,2,2,2,2,2,2,2,2,2,2,2,2,2,2,2,2,3),(0.,0.0238095238095238,0.0476190476190476,
0.0714285714285714,0.0952380952380952,0.119047619047619,0.142857142857143,
0.166666666666667,0.19047619047619,0.214285714285714,0.238095238095238,
0.261904761904762,0.285714285714286,0.309523809523809,0.333333333333334,
0.357142857142857,0.380952380952381,0.404761904761905,0.428571428571428,
0.452380952380952,0.476190476190476,0.5,0.523809523809524,0.547619047619048,
0.571428571428571,0.595238095238095,0.619047619047619,0.642857142857143,
0.666666666666667,0.690476190476191,0.714285714285714,0.738095238095238,
0.761904761904762,0.785714285714286,0.80952380952381,0.833333333333333,
0.857142857142857,0.880952380952381,0.904761904761905,0.928571428571429,
0.952380952380952,0.976190476190476,1.),.UNSPECIFIED.)
CURVE()
GEOMETRIC_REPRESENTATION_ITEM()
RATIONAL_B_SPLINE_CURVE((1.,0.866025403784439,1.,0.866025403784439,1.,0.866025403784439,
1.,0.866025403784439,1.,0.866025403784439,1.,0.866025403784439,1.,0.866025403784439,
1.,0.866025403784439,1.,0.866025403784439,1.,0.866025403784439,1.,0.866025403784439,
1.,0.866025403784439,1.,0.866025403784439,1.,0.866025403784439,1.,0.866025403784439,
1.,0.866025403784439,1.,0.866025403784439,1.,0.866025403784439,1.,0.866025403784439,
1.,0.866025403784439,1.,0.866025403784439,1.,0.866025403784439,1.,0.866025403784439,
1.,0.866025403784439,1.,0.866025403784439,1.,0.866025403784439,1.,0.866025403784439,
1.,0.866025403784439,1.,0.866025403784439,1.,0.866025403784439,1.,0.866025403784439,
1.,0.866025403784439,1.,0.866025403784439,1.,0.866025403784439,1.,0.866025403784439,
1.,0.866025403784439,1.,0.866025403784439,1.,0.866025403784439,1.,0.866025403784439,
1.,0.866025403784439,1.,0.866025403784439,1.,0.866025403784439,1.))
REPRESENTATION_ITEM('')
);
#20=(
BOUNDED_CURVE()
B_SPLINE_CURVE(2,(#2334,#2335,#2336,#2337,#2338,#2339,#2340,#2341,#2342,
#2343,#2344,#2345,#2346,#2347,#2348,#2349,#2350,#2351,#2352,#2353,#2354,
#2355,#2356,#2357,#2358,#2359,#2360,#2361,#2362,#2363,#2364,#2365,#2366,
#2367,#2368,#2369,#2370,#2371,#2372,#2373,#2374,#2375,#2376,#2377,#2378,
#2379,#2380,#2381,#2382,#2383,#2384,#2385,#2386,#2387,#2388,#2389,#2390,
#2391,#2392,#2393,#2394,#2395,#2396,#2397,#2398,#2399,#2400,#2401,#2402,
#2403,#2404,#2405,#2406,#2407,#2408,#2409,#2410,#2411,#2412,#2413,#2414,
#2415,#2416,#2417,#2418),.UNSPECIFIED.,.F.,.F.)
B_SPLINE_CURVE_WITH_KNOTS((3,2,2,2,2,2,2,2,2,2,2,2,2,2,2,2,2,2,2,2,2,2,
2,2,2,2,2,2,2,2,2,2,2,2,2,2,2,2,2,2,2,2,3),(0.,0.0238095238095238,0.0476190476190476,
0.0714285714285714,0.0952380952380952,0.119047619047619,0.142857142857143,
0.166666666666667,0.19047619047619,0.214285714285714,0.238095238095238,
0.261904761904762,0.285714285714286,0.309523809523809,0.333333333333334,
0.357142857142857,0.380952380952381,0.404761904761905,0.428571428571428,
0.452380952380952,0.476190476190476,0.5,0.523809523809524,0.547619047619048,
0.571428571428571,0.595238095238095,0.619047619047619,0.642857142857143,
0.666666666666667,0.690476190476191,0.714285714285714,0.738095238095238,
0.761904761904762,0.785714285714286,0.80952380952381,0.833333333333333,
0.857142857142857,0.880952380952381,0.904761904761905,0.928571428571429,
0.952380952380952,0.976190476190476,1.),.UNSPECIFIED.)
CURVE()
GEOMETRIC_REPRESENTATION_ITEM()
RATIONAL_B_SPLINE_CURVE((1.,0.866025403784439,1.,0.866025403784439,1.,0.866025403784439,
1.,0.866025403784439,1.,0.866025403784439,1.,0.866025403784439,1.,0.866025403784439,
1.,0.866025403784439,1.,0.866025403784439,1.,0.866025403784439,1.,0.866025403784439,
1.,0.866025403784439,1.,0.866025403784439,1.,0.866025403784439,1.,0.866025403784439,
1.,0.866025403784439,1.,0.866025403784439,1.,0.866025403784439,1.,0.866025403784439,
1.,0.866025403784439,1.,0.866025403784439,1.,0.866025403784439,1.,0.866025403784439,
1.,0.866025403784439,1.,0.866025403784439,1.,0.866025403784439,1.,0.866025403784439,
1.,0.866025403784439,1.,0.866025403784439,1.,0.866025403784439,1.,0.866025403784439,
1.,0.866025403784439,1.,0.866025403784439,1.,0.866025403784439,1.,0.866025403784439,
1.,0.866025403784439,1.,0.866025403784439,1.,0.866025403784439,1.,0.866025403784439,
1.,0.866025403784439,1.,0.866025403784439,1.,0.866025403784439,1.))
REPRESENTATION_ITEM('')
);
#21=(
BOUNDED_SURFACE()
B_SPLINE_SURFACE(1,2,((#680,#681,#682,#683,#684,#685,#686,#687,#688,#689,
#690,#691,#692,#693,#694,#695,#696,#697,#698,#699,#700,#701,#702,#703,#704,
#705,#706,#707,#708,#709,#710,#711,#712,#713,#714,#715,#716,#717,#718,#719,
#720,#721,#722,#723,#724,#725,#726,#727,#728,#729,#730,#731,#732,#733,#734,
#735,#736,#737,#738,#739,#740,#741,#742,#743,#744,#745,#746,#747,#748,#749,
#750,#751,#752,#753,#754,#755,#756,#757,#758,#759,#760,#761,#762),(#763,
#764,#765,#766,#767,#768,#769,#770,#771,#772,#773,#774,#775,#776,#777,#778,
#779,#780,#781,#782,#783,#784,#785,#786,#787,#788,#789,#790,#791,#792,#793,
#794,#795,#796,#797,#798,#799,#800,#801,#802,#803,#804,#805,#806,#807,#808,
#809,#810,#811,#812,#813,#814,#815,#816,#817,#818,#819,#820,#821,#822,#823,
#824,#825,#826,#827,#828,#829,#830,#831,#832,#833,#834,#835,#836,#837,#838,
#839,#840,#841,#842,#843,#844,#845)),.UNSPECIFIED.,.F.,.F.,.F.)
B_SPLINE_SURFACE_WITH_KNOTS((2,2),(3,2,2,2,2,2,2,2,2,2,2,2,2,2,2,2,2,2,
2,2,2,2,2,2,2,2,2,2,2,2,2,2,2,2,2,2,2,2,2,2,2,3),(0.,1.),(0.165011528974609,
0.166666666666667,0.183333333333334,0.2,0.216666666666667,0.233333333333334,
0.25,0.266666666666666,0.283333333333334,0.3,0.316666666666666,0.333333333333334,
0.35,0.366666666666666,0.383333333333334,0.4,0.416666666666667,0.433333333333334,
0.45,0.466666666666667,0.483333333333333,0.5,0.516666666666667,0.533333333333333,
0.55,0.566666666666667,0.583333333333333,0.6,0.616666666666667,0.633333333333333,
0.65,0.666666666666667,0.683333333333333,0.7,0.716666666666667,0.733333333333333,
0.75,0.766666666666667,0.783333333333333,0.8,0.816666666666667,0.82893631294846),
 .PIECEWISE_BEZIER_KNOTS.)
GEOMETRIC_REPRESENTATION_ITEM()
RATIONAL_B_SPLINE_SURFACE(((0.976032981508389,0.986695215761527,1.,0.866025403784439,
1.,0.866025403784439,1.,0.866025403784439,1.,0.866025403784439,1.,0.866025403784439,
1.,0.866025403784439,1.,0.866025403784439,1.,0.866025403784439,1.,0.866025403784439,
1.,0.866025403784439,1.,0.866025403784439,1.,0.866025403784439,1.,0.866025403784439,
1.,0.866025403784439,1.,0.866025403784439,1.,0.866025403784439,1.,0.866025403784439,
1.,0.866025403784439,1.,0.866025403784439,1.,0.866025403784439,1.,0.866025403784439,
1.,0.866025403784439,1.,0.866025403784439,1.,0.866025403784439,1.,0.866025403784439,
1.,0.866025403784439,1.,0.866025403784439,1.,0.866025403784439,1.,0.866025403784439,
1.,0.866025403784439,1.,0.866025403784439,1.,0.866025403784439,1.,0.866025403784439,
1.,0.866025403784439,1.,0.866025403784439,1.,0.866025403784439,1.,0.866025403784439,
1.,0.866025403784439,1.,0.866025403784439,1.,0.901370745621337,0.947959018954262),
(0.976032981508389,0.986695215761527,1.,0.866025403784439,1.,0.866025403784439,
1.,0.866025403784439,1.,0.866025403784439,1.,0.866025403784439,1.,0.866025403784439,
1.,0.866025403784439,1.,0.866025403784439,1.,0.866025403784439,1.,0.866025403784439,
1.,0.866025403784439,1.,0.866025403784439,1.,0.866025403784439,1.,0.866025403784439,
1.,0.866025403784439,1.,0.866025403784439,1.,0.866025403784439,1.,0.866025403784439,
1.,0.866025403784439,1.,0.866025403784439,1.,0.866025403784439,1.,0.866025403784439,
1.,0.866025403784439,1.,0.866025403784439,1.,0.866025403784439,1.,0.866025403784439,
1.,0.866025403784439,1.,0.866025403784439,1.,0.866025403784439,1.,0.866025403784439,
1.,0.866025403784439,1.,0.866025403784439,1.,0.866025403784439,1.,0.866025403784439,
1.,0.866025403784439,1.,0.866025403784439,1.,0.866025403784439,1.,0.866025403784439,
1.,0.866025403784439,1.,0.901370745621337,0.947959018954262)))
REPRESENTATION_ITEM('')
SURFACE()
);
#22=(
BOUNDED_SURFACE()
B_SPLINE_SURFACE(1,2,((#1088,#1089,#1090,#1091,#1092,#1093,#1094,#1095,
#1096,#1097,#1098,#1099,#1100,#1101,#1102,#1103,#1104,#1105,#1106,#1107,
#1108,#1109,#1110,#1111,#1112,#1113,#1114,#1115,#1116,#1117,#1118,#1119,
#1120,#1121,#1122,#1123,#1124,#1125,#1126,#1127,#1128,#1129,#1130,#1131,
#1132,#1133,#1134,#1135,#1136,#1137,#1138,#1139,#1140,#1141,#1142,#1143,
#1144,#1145,#1146,#1147,#1148,#1149,#1150,#1151,#1152,#1153,#1154,#1155,
#1156,#1157,#1158,#1159,#1160,#1161,#1162,#1163,#1164,#1165,#1166,#1167,
#1168,#1169,#1170),(#1171,#1172,#1173,#1174,#1175,#1176,#1177,#1178,#1179,
#1180,#1181,#1182,#1183,#1184,#1185,#1186,#1187,#1188,#1189,#1190,#1191,
#1192,#1193,#1194,#1195,#1196,#1197,#1198,#1199,#1200,#1201,#1202,#1203,
#1204,#1205,#1206,#1207,#1208,#1209,#1210,#1211,#1212,#1213,#1214,#1215,
#1216,#1217,#1218,#1219,#1220,#1221,#1222,#1223,#1224,#1225,#1226,#1227,
#1228,#1229,#1230,#1231,#1232,#1233,#1234,#1235,#1236,#1237,#1238,#1239,
#1240,#1241,#1242,#1243,#1244,#1245,#1246,#1247,#1248,#1249,#1250,#1251,
#1252,#1253)),.UNSPECIFIED.,.F.,.F.,.F.)
B_SPLINE_SURFACE_WITH_KNOTS((2,2),(3,2,2,2,2,2,2,2,2,2,2,2,2,2,2,2,2,2,
2,2,2,2,2,2,2,2,2,2,2,2,2,2,2,2,2,2,2,2,2,2,2,3),(0.,1.),(0.121063687051538,
0.133333333333333,0.15,0.166666666666667,0.183333333333334,0.2,0.216666666666667,
0.233333333333334,0.25,0.266666666666666,0.283333333333334,0.3,0.316666666666666,
0.333333333333334,0.35,0.366666666666666,0.383333333333334,0.4,0.416666666666667,
0.433333333333334,0.45,0.466666666666667,0.483333333333333,0.5,0.516666666666667,
0.533333333333333,0.55,0.566666666666667,0.583333333333333,0.6,0.616666666666667,
0.633333333333333,0.65,0.666666666666667,0.683333333333333,0.7,0.716666666666667,
0.733333333333333,0.75,0.766666666666667,0.783333333333333,0.78498847102539),
 .PIECEWISE_BEZIER_KNOTS.)
GEOMETRIC_REPRESENTATION_ITEM()
RATIONAL_B_SPLINE_SURFACE(((0.947959018954278,0.901370745621319,1.,0.866025403784439,
1.,0.866025403784439,1.,0.866025403784439,1.,0.866025403784439,1.,0.866025403784439,
1.,0.866025403784439,1.,0.866025403784439,1.,0.866025403784439,1.,0.866025403784439,
1.,0.866025403784439,1.,0.866025403784439,1.,0.866025403784439,1.,0.866025403784439,
1.,0.866025403784439,1.,0.866025403784439,1.,0.866025403784439,1.,0.866025403784439,
1.,0.866025403784439,1.,0.866025403784439,1.,0.866025403784439,1.,0.866025403784439,
1.,0.866025403784439,1.,0.866025403784439,1.,0.866025403784439,1.,0.866025403784439,
1.,0.866025403784439,1.,0.866025403784439,1.,0.866025403784439,1.,0.866025403784439,
1.,0.866025403784439,1.,0.866025403784439,1.,0.866025403784439,1.,0.866025403784439,
1.,0.866025403784439,1.,0.866025403784439,1.,0.866025403784439,1.,0.866025403784439,
1.,0.866025403784439,1.,0.866025403784439,1.,0.98669521576153,0.976032981508394),
(0.947959018954278,0.901370745621319,1.,0.866025403784439,1.,0.866025403784439,
1.,0.866025403784439,1.,0.866025403784439,1.,0.866025403784439,1.,0.866025403784439,
1.,0.866025403784439,1.,0.866025403784439,1.,0.866025403784439,1.,0.866025403784439,
1.,0.866025403784439,1.,0.866025403784439,1.,0.866025403784439,1.,0.866025403784439,
1.,0.866025403784439,1.,0.866025403784439,1.,0.866025403784439,1.,0.866025403784439,
1.,0.866025403784439,1.,0.866025403784439,1.,0.866025403784439,1.,0.866025403784439,
1.,0.866025403784439,1.,0.866025403784439,1.,0.866025403784439,1.,0.866025403784439,
1.,0.866025403784439,1.,0.866025403784439,1.,0.866025403784439,1.,0.866025403784439,
1.,0.866025403784439,1.,0.866025403784439,1.,0.866025403784439,1.,0.866025403784439,
1.,0.866025403784439,1.,0.866025403784439,1.,0.866025403784439,1.,0.866025403784439,
1.,0.866025403784439,1.,0.98669521576153,0.976032981508394)))
REPRESENTATION_ITEM('')
SURFACE()
);
#23=(
BOUNDED_SURFACE()
B_SPLINE_SURFACE(3,2,((#1496,#1497,#1498,#1499,#1500,#1501,#1502,#1503,
#1504,#1505,#1506,#1507,#1508,#1509,#1510,#1511,#1512,#1513,#1514,#1515,
#1516,#1517,#1518,#1519,#1520,#1521,#1522,#1523,#1524,#1525,#1526,#1527,
#1528,#1529,#1530,#1531,#1532,#1533,#1534,#1535,#1536,#1537,#1538,#1539,
#1540,#1541,#1542,#1543,#1544,#1545,#1546,#1547,#1548,#1549,#1550,#1551,
#1552,#1553,#1554,#1555,#1556,#1557,#1558,#1559,#1560,#1561,#1562,#1563,
#1564,#1565,#1566,#1567,#1568,#1569,#1570,#1571,#1572,#1573,#1574),(#1575,
#1576,#1577,#1578,#1579,#1580,#1581,#1582,#1583,#1584,#1585,#1586,#1587,
#1588,#1589,#1590,#1591,#1592,#1593,#1594,#1595,#1596,#1597,#1598,#1599,
#1600,#1601,#1602,#1603,#1604,#1605,#1606,#1607,#1608,#1609,#1610,#1611,
#1612,#1613,#1614,#1615,#1616,#1617,#1618,#1619,#1620,#1621,#1622,#1623,
#1624,#1625,#1626,#1627,#1628,#1629,#1630,#1631,#1632,#1633,#1634,#1635,
#1636,#1637,#1638,#1639,#1640,#1641,#1642,#1643,#1644,#1645,#1646,#1647,
#1648,#1649,#1650,#1651,#1652,#1653),(#1654,#1655,#1656,#1657,#1658,#1659,
#1660,#1661,#1662,#1663,#1664,#1665,#1666,#1667,#1668,#1669,#1670,#1671,
#1672,#1673,#1674,#1675,#1676,#1677,#1678,#1679,#1680,#1681,#1682,#1683,
#1684,#1685,#1686,#1687,#1688,#1689,#1690,#1691,#1692,#1693,#1694,#1695,
#1696,#1697,#1698,#1699,#1700,#1701,#1702,#1703,#1704,#1705,#1706,#1707,
#1708,#1709,#1710,#1711,#1712,#1713,#1714,#1715,#1716,#1717,#1718,#1719,
#1720,#1721,#1722,#1723,#1724,#1725,#1726,#1727,#1728,#1729,#1730,#1731,
#1732),(#1733,#1734,#1735,#1736,#1737,#1738,#1739,#1740,#1741,#1742,#1743,
#1744,#1745,#1746,#1747,#1748,#1749,#1750,#1751,#1752,#1753,#1754,#1755,
#1756,#1757,#1758,#1759,#1760,#1761,#1762,#1763,#1764,#1765,#1766,#1767,
#1768,#1769,#1770,#1771,#1772,#1773,#1774,#1775,#1776,#1777,#1778,#1779,
#1780,#1781,#1782,#1783,#1784,#1785,#1786,#1787,#1788,#1789,#1790,#1791,
#1792,#1793,#1794,#1795,#1796,#1797,#1798,#1799,#1800,#1801,#1802,#1803,
#1804,#1805,#1806,#1807,#1808,#1809,#1810,#1811)),.UNSPECIFIED.,.F.,.F.,
 .F.)
B_SPLINE_SURFACE_WITH_KNOTS((4,4),(3,2,2,2,2,2,2,2,2,2,2,2,2,2,2,2,2,2,
2,2,2,2,2,2,2,2,2,2,2,2,2,2,2,2,2,2,2,2,2,3),(0.,1.),(0.152558486938268,
0.166666666666667,0.183333333333334,0.2,0.216666666666667,0.233333333333334,
0.25,0.266666666666666,0.283333333333334,0.3,0.316666666666666,0.333333333333334,
0.35,0.366666666666666,0.383333333333334,0.4,0.416666666666667,0.433333333333334,
0.45,0.466666666666667,0.483333333333333,0.5,0.516666666666667,0.533333333333333,
0.55,0.566666666666667,0.583333333333333,0.6,0.616666666666667,0.633333333333333,
0.65,0.666666666666667,0.683333333333333,0.7,0.716666666666667,0.733333333333333,
0.75,0.766666666666667,0.783333333333333,0.797441513061729),
 .PIECEWISE_BEZIER_KNOTS.)
GEOMETRIC_REPRESENTATION_ITEM()
RATIONAL_B_SPLINE_SURFACE(((0.965181573481067,0.886591739053077,1.,0.866025403784439,
1.,0.866025403784439,1.,0.866025403784439,1.,0.866025403784439,1.,0.866025403784439,
1.,0.866025403784439,1.,0.866025403784439,1.,0.866025403784439,1.,0.866025403784439,
1.,0.866025403784439,1.,0.866025403784439,1.,0.866025403784439,1.,0.866025403784439,
1.,0.866025403784439,1.,0.866025403784439,1.,0.866025403784439,1.,0.866025403784439,
1.,0.866025403784439,1.,0.866025403784439,1.,0.866025403784439,1.,0.866025403784439,
1.,0.866025403784439,1.,0.866025403784439,1.,0.866025403784439,1.,0.866025403784439,
1.,0.866025403784439,1.,0.866025403784439,1.,0.866025403784439,1.,0.866025403784439,
1.,0.866025403784439,1.,0.866025403784439,1.,0.866025403784439,1.,0.866025403784439,
1.,0.866025403784439,1.,0.866025403784439,1.,0.866025403784439,1.,0.866025403784439,
1.,0.886591739053097,0.965181573481039),(0.707799820552794,0.6501672753056,
0.733333333333345,0.635085296108599,0.733333333333345,0.635085296108599,
0.733333333333345,0.635085296108599,0.733333333333345,0.635085296108599,
0.733333333333345,0.635085296108599,0.733333333333345,0.635085296108599,
0.733333333333345,0.635085296108599,0.733333333333345,0.635085296108599,
0.733333333333345,0.635085296108599,0.733333333333345,0.635085296108599,
0.733333333333345,0.635085296108599,0.733333333333345,0.635085296108599,
0.733333333333345,0.635085296108599,0.733333333333345,0.635085296108599,
0.733333333333345,0.635085296108599,0.733333333333345,0.635085296108599,
0.733333333333345,0.635085296108599,0.733333333333345,0.635085296108599,
0.733333333333345,0.635085296108599,0.733333333333345,0.635085296108599,
0.733333333333345,0.635085296108599,0.733333333333345,0.635085296108599,
0.733333333333345,0.635085296108599,0.733333333333345,0.635085296108599,
0.733333333333345,0.635085296108599,0.733333333333345,0.635085296108599,
0.733333333333345,0.635085296108599,0.733333333333345,0.635085296108599,
0.733333333333345,0.635085296108599,0.733333333333345,0.635085296108599,
0.733333333333345,0.635085296108599,0.733333333333345,0.635085296108599,
0.733333333333345,0.635085296108599,0.733333333333345,0.635085296108599,
0.733333333333345,0.635085296108599,0.733333333333345,0.635085296108599,
0.733333333333345,0.635085296108599,0.733333333333345,0.650167275305615,
0.707799820552773),(0.707799820552794,0.6501672753056,0.733333333333345,
0.635085296108599,0.733333333333345,0.635085296108599,0.733333333333345,
0.635085296108599,0.733333333333345,0.635085296108599,0.733333333333345,
0.635085296108599,0.733333333333345,0.635085296108599,0.733333333333345,
0.635085296108599,0.733333333333345,0.635085296108599,0.733333333333345,
0.635085296108599,0.733333333333345,0.635085296108599,0.733333333333345,
0.635085296108599,0.733333333333345,0.635085296108599,0.733333333333345,
0.635085296108599,0.733333333333345,0.635085296108599,0.733333333333345,
0.635085296108599,0.733333333333345,0.635085296108599,0.733333333333345,
0.635085296108599,0.733333333333345,0.635085296108599,0.733333333333345,
0.635085296108599,0.733333333333345,0.635085296108599,0.733333333333345,
0.635085296108599,0.733333333333345,0.635085296108599,0.733333333333345,
0.635085296108599,0.733333333333345,0.635085296108599,0.733333333333345,
0.635085296108599,0.733333333333345,0.635085296108599,0.733333333333345,
0.635085296108599,0.733333333333345,0.635085296108599,0.733333333333345,
0.635085296108599,0.733333333333345,0.635085296108599,0.733333333333345,
0.635085296108599,0.733333333333345,0.635085296108599,0.733333333333345,
0.635085296108599,0.733333333333345,0.635085296108599,0.733333333333345,
0.635085296108599,0.733333333333345,0.635085296108599,0.733333333333345,
0.635085296108599,0.733333333333345,0.650167275305615,0.707799820552773),
(0.965181573481067,0.886591739053077,1.,0.866025403784439,1.,0.866025403784439,
1.,0.866025403784439,1.,0.866025403784439,1.,0.866025403784439,1.,0.866025403784439,
1.,0.866025403784439,1.,0.866025403784439,1.,0.866025403784439,1.,0.866025403784439,
1.,0.866025403784439,1.,0.866025403784439,1.,0.866025403784439,1.,0.866025403784439,
1.,0.866025403784439,1.,0.866025403784439,1.,0.866025403784439,1.,0.866025403784439,
1.,0.866025403784439,1.,0.866025403784439,1.,0.866025403784439,1.,0.866025403784439,
1.,0.866025403784439,1.,0.866025403784439,1.,0.866025403784439,1.,0.866025403784439,
1.,0.866025403784439,1.,0.866025403784439,1.,0.866025403784439,1.,0.866025403784439,
1.,0.866025403784439,1.,0.866025403784439,1.,0.866025403784439,1.,0.866025403784439,
1.,0.866025403784439,1.,0.866025403784439,1.,0.866025403784439,1.,0.886591739053097,
0.965181573481039)))
REPRESENTATION_ITEM('')
SURFACE()
);
#24=(
BOUNDED_SURFACE()
B_SPLINE_SURFACE(1,2,((#1839,#1840,#1841,#1842,#1843,#1844,#1845,#1846,
#1847,#1848,#1849,#1850,#1851,#1852,#1853,#1854,#1855,#1856,#1857,#1858,
#1859,#1860,#1861,#1862,#1863,#1864,#1865,#1866,#1867,#1868,#1869,#1870,
#1871,#1872,#1873,#1874,#1875,#1876,#1877,#1878,#1879,#1880,#1881,#1882,
#1883,#1884,#1885,#1886,#1887,#1888,#1889,#1890,#1891,#1892,#1893),(#1894,
#1895,#1896,#1897,#1898,#1899,#1900,#1901,#1902,#1903,#1904,#1905,#1906,
#1907,#1908,#1909,#1910,#1911,#1912,#1913,#1914,#1915,#1916,#1917,#1918,
#1919,#1920,#1921,#1922,#1923,#1924,#1925,#1926,#1927,#1928,#1929,#1930,
#1931,#1932,#1933,#1934,#1935,#1936,#1937,#1938,#1939,#1940,#1941,#1942,
#1943,#1944,#1945,#1946,#1947,#1948)),.UNSPECIFIED.,.F.,.F.,.F.)
B_SPLINE_SURFACE_WITH_KNOTS((2,2),(3,2,2,2,2,2,2,2,2,2,2,2,2,2,2,2,2,2,
2,2,2,2,2,2,2,2,2,3),(0.,1.),(0.17487386939352,0.19047619047619,0.214285714285714,
0.238095238095238,0.261904761904762,0.285714285714286,0.309523809523809,
0.333333333333334,0.357142857142857,0.380952380952381,0.404761904761905,
0.428571428571428,0.452380952380952,0.476190476190476,0.5,0.523809523809524,
0.547619047619048,0.571428571428571,0.595238095238095,0.619047619047619,
0.642857142857143,0.666666666666667,0.690476190476191,0.714285714285714,
0.738095238095238,0.761904761904762,0.785714285714286,0.798528850734139),
 .PIECEWISE_BEZIER_KNOTS.)
GEOMETRIC_REPRESENTATION_ITEM()
RATIONAL_B_SPLINE_SURFACE(((0.939474915360768,0.912206783982793,1.,0.866025403784439,
1.,0.866025403784439,1.,0.866025403784439,1.,0.866025403784439,1.,0.866025403784439,
1.,0.866025403784439,1.,0.866025403784439,1.,0.866025403784439,1.,0.866025403784439,
1.,0.866025403784439,1.,0.866025403784439,1.,0.866025403784439,1.,0.866025403784439,
1.,0.866025403784439,1.,0.866025403784439,1.,0.866025403784439,1.,0.866025403784439,
1.,0.866025403784439,1.,0.866025403784439,1.,0.866025403784439,1.,0.866025403784439,
1.,0.866025403784439,1.,0.866025403784439,1.,0.866025403784439,1.,0.866025403784439,
1.,0.92789330068306,0.933403944254289),(0.939474915360768,0.912206783982793,
1.,0.866025403784439,1.,0.866025403784439,1.,0.866025403784439,1.,0.866025403784439,
1.,0.866025403784439,1.,0.866025403784439,1.,0.866025403784439,1.,0.866025403784439,
1.,0.866025403784439,1.,0.866025403784439,1.,0.866025403784439,1.,0.866025403784439,
1.,0.866025403784439,1.,0.866025403784439,1.,0.866025403784439,1.,0.866025403784439,
1.,0.866025403784439,1.,0.866025403784439,1.,0.866025403784439,1.,0.866025403784439,
1.,0.866025403784439,1.,0.866025403784439,1.,0.866025403784439,1.,0.866025403784439,
1.,0.866025403784439,1.,0.92789330068306,0.933403944254289)))
REPRESENTATION_ITEM('')
SURFACE()
);
#25=(
BOUNDED_SURFACE()
B_SPLINE_SURFACE(1,2,((#2214,#2215,#2216,#2217,#2218,#2219,#2220,#2221,
#2222,#2223,#2224,#2225,#2226,#2227,#2228,#2229,#2230,#2231,#2232,#2233,
#2234,#2235,#2236,#2237,#2238,#2239,#2240,#2241,#2242,#2243,#2244,#2245,
#2246,#2247,#2248,#2249,#2250,#2251,#2252,#2253,#2254,#2255,#2256,#2257,
#2258,#2259,#2260,#2261,#2262,#2263,#2264,#2265,#2266,#2267,#2268,#2269,
#2270),(#2271,#2272,#2273,#2274,#2275,#2276,#2277,#2278,#2279,#2280,#2281,
#2282,#2283,#2284,#2285,#2286,#2287,#2288,#2289,#2290,#2291,#2292,#2293,
#2294,#2295,#2296,#2297,#2298,#2299,#2300,#2301,#2302,#2303,#2304,#2305,
#2306,#2307,#2308,#2309,#2310,#2311,#2312,#2313,#2314,#2315,#2316,#2317,
#2318,#2319,#2320,#2321,#2322,#2323,#2324,#2325,#2326,#2327)),
 .UNSPECIFIED.,.F.,.F.,.F.)
B_SPLINE_SURFACE_WITH_KNOTS((2,2),(3,2,2,2,2,2,2,2,2,2,2,2,2,2,2,2,2,2,
2,2,2,2,2,2,2,2,2,2,3),(0.,1.),(0.237659327106584,0.238095238095238,0.261904761904762,
0.285714285714286,0.309523809523809,0.333333333333334,0.357142857142857,
0.380952380952381,0.404761904761905,0.428571428571428,0.452380952380952,
0.476190476190476,0.5,0.523809523809524,0.547619047619048,0.571428571428571,
0.595238095238095,0.619047619047619,0.642857142857143,0.666666666666667,
0.690476190476191,0.714285714285714,0.738095238095238,0.761904761904762,
0.785714285714286,0.80952380952381,0.833333333333333,0.857142857142857,
0.860837589926374),.PIECEWISE_BEZIER_KNOTS.)
GEOMETRIC_REPRESENTATION_ITEM()
RATIONAL_B_SPLINE_SURFACE(((0.995184130653581,0.997547158054985,1.,0.866025403784439,
1.,0.866025403784439,1.,0.866025403784439,1.,0.866025403784439,1.,0.866025403784439,
1.,0.866025403784439,1.,0.866025403784439,1.,0.866025403784439,1.,0.866025403784439,
1.,0.866025403784439,1.,0.866025403784439,1.,0.866025403784439,1.,0.866025403784439,
1.,0.866025403784439,1.,0.866025403784439,1.,0.866025403784439,1.,0.866025403784439,
1.,0.866025403784439,1.,0.866025403784439,1.,0.866025403784439,1.,0.866025403784439,
1.,0.866025403784439,1.,0.866025403784439,1.,0.866025403784439,1.,0.866025403784439,
1.,0.866025403784439,1.,0.979209986022567,0.964872309926957),(0.995184130653581,
0.997547158054985,1.,0.866025403784439,1.,0.866025403784439,1.,0.866025403784439,
1.,0.866025403784439,1.,0.866025403784439,1.,0.866025403784439,1.,0.866025403784439,
1.,0.866025403784439,1.,0.866025403784439,1.,0.866025403784439,1.,0.866025403784439,
1.,0.866025403784439,1.,0.866025403784439,1.,0.866025403784439,1.,0.866025403784439,
1.,0.866025403784439,1.,0.866025403784439,1.,0.866025403784439,1.,0.866025403784439,
1.,0.866025403784439,1.,0.866025403784439,1.,0.866025403784439,1.,0.866025403784439,
1.,0.866025403784439,1.,0.866025403784439,1.,0.866025403784439,1.,0.979209986022567,
0.964872309926957)))
REPRESENTATION_ITEM('')
SURFACE()
);
#26=(
BOUNDED_SURFACE()
B_SPLINE_SURFACE(3,2,((#2419,#2420,#2421,#2422,#2423,#2424,#2425,#2426,
#2427,#2428,#2429,#2430,#2431,#2432,#2433,#2434,#2435,#2436,#2437,#2438,
#2439,#2440,#2441,#2442,#2443,#2444,#2445,#2446,#2447,#2448,#2449,#2450,
#2451,#2452,#2453,#2454,#2455,#2456,#2457,#2458,#2459,#2460,#2461,#2462,
#2463,#2464,#2465,#2466,#2467,#2468,#2469,#2470,#2471),(#2472,#2473,#2474,
#2475,#2476,#2477,#2478,#2479,#2480,#2481,#2482,#2483,#2484,#2485,#2486,
#2487,#2488,#2489,#2490,#2491,#2492,#2493,#2494,#2495,#2496,#2497,#2498,
#2499,#2500,#2501,#2502,#2503,#2504,#2505,#2506,#2507,#2508,#2509,#2510,
#2511,#2512,#2513,#2514,#2515,#2516,#2517,#2518,#2519,#2520,#2521,#2522,
#2523,#2524),(#2525,#2526,#2527,#2528,#2529,#2530,#2531,#2532,#2533,#2534,
#2535,#2536,#2537,#2538,#2539,#2540,#2541,#2542,#2543,#2544,#2545,#2546,
#2547,#2548,#2549,#2550,#2551,#2552,#2553,#2554,#2555,#2556,#2557,#2558,
#2559,#2560,#2561,#2562,#2563,#2564,#2565,#2566,#2567,#2568,#2569,#2570,
#2571,#2572,#2573,#2574,#2575,#2576,#2577),(#2578,#2579,#2580,#2581,#2582,
#2583,#2584,#2585,#2586,#2587,#2588,#2589,#2590,#2591,#2592,#2593,#2594,
#2595,#2596,#2597,#2598,#2599,#2600,#2601,#2602,#2603,#2604,#2605,#2606,
#2607,#2608,#2609,#2610,#2611,#2612,#2613,#2614,#2615,#2616,#2617,#2618,
#2619,#2620,#2621,#2622,#2623,#2624,#2625,#2626,#2627,#2628,#2629,#2630)),
 .UNSPECIFIED.,.F.,.F.,.F.)
B_SPLINE_SURFACE_WITH_KNOTS((4,4),(3,2,2,2,2,2,2,2,2,2,2,2,2,2,2,2,2,2,
2,2,2,2,2,2,2,2,3),(0.,1.),(0.219866440660282,0.238095238095238,0.261904761904762,
0.285714285714286,0.309523809523809,0.333333333333334,0.357142857142857,
0.380952380952381,0.404761904761905,0.428571428571428,0.452380952380952,
0.476190476190476,0.5,0.523809523809524,0.547619047619048,0.571428571428571,
0.595238095238095,0.619047619047619,0.642857142857143,0.666666666666667,
0.690476190476191,0.714285714285714,0.738095238095238,0.761904761904762,
0.785714285714286,0.80952380952381,0.81631891078582),
 .PIECEWISE_BEZIER_KNOTS.)
GEOMETRIC_REPRESENTATION_ITEM()
RATIONAL_B_SPLINE_SURFACE(((0.951916089338037,0.897427777414572,1.,0.866025403784439,
1.,0.866025403784439,1.,0.866025403784439,1.,0.866025403784439,1.,0.866025403784439,
1.,0.866025403784439,1.,0.866025403784439,1.,0.866025403784439,1.,0.866025403784439,
1.,0.866025403784439,1.,0.866025403784439,1.,0.866025403784439,1.,0.866025403784439,
1.,0.866025403784439,1.,0.866025403784439,1.,0.866025403784439,1.,0.866025403784439,
1.,0.866025403784439,1.,0.866025403784439,1.,0.866025403784439,1.,0.866025403784439,
1.,0.866025403784439,1.,0.866025403784439,1.,0.866025403784439,1.,0.961764420191491,
0.945353269858262),(0.698071798847907,0.658113703437365,0.733333333333347,
0.6350852961086,0.733333333333347,0.6350852961086,0.733333333333347,0.6350852961086,
0.733333333333347,0.6350852961086,0.733333333333347,0.6350852961086,0.733333333333347,
0.6350852961086,0.733333333333347,0.6350852961086,0.733333333333347,0.6350852961086,
0.733333333333347,0.6350852961086,0.733333333333347,0.6350852961086,0.733333333333347,
0.6350852961086,0.733333333333347,0.6350852961086,0.733333333333347,0.6350852961086,
0.733333333333347,0.6350852961086,0.733333333333347,0.6350852961086,0.733333333333347,
0.6350852961086,0.733333333333347,0.6350852961086,0.733333333333347,0.6350852961086,
0.733333333333347,0.6350852961086,0.733333333333347,0.6350852961086,0.733333333333347,
0.6350852961086,0.733333333333347,0.6350852961086,0.733333333333347,0.6350852961086,
0.733333333333347,0.6350852961086,0.733333333333347,0.705293908140439,0.693259064562738),
(0.698071798847907,0.658113703437365,0.733333333333347,0.6350852961086,
0.733333333333347,0.6350852961086,0.733333333333347,0.6350852961086,0.733333333333347,
0.6350852961086,0.733333333333347,0.6350852961086,0.733333333333347,0.6350852961086,
0.733333333333347,0.6350852961086,0.733333333333347,0.6350852961086,0.733333333333347,
0.6350852961086,0.733333333333347,0.6350852961086,0.733333333333347,0.6350852961086,
0.733333333333347,0.6350852961086,0.733333333333347,0.6350852961086,0.733333333333347,
0.6350852961086,0.733333333333347,0.6350852961086,0.733333333333347,0.6350852961086,
0.733333333333347,0.6350852961086,0.733333333333347,0.6350852961086,0.733333333333347,
0.6350852961086,0.733333333333347,0.6350852961086,0.733333333333347,0.6350852961086,
0.733333333333347,0.6350852961086,0.733333333333347,0.6350852961086,0.733333333333347,
0.6350852961086,0.733333333333347,0.705293908140439,0.693259064562738),
(0.951916089338037,0.897427777414572,1.,0.866025403784439,1.,0.866025403784439,
1.,0.866025403784439,1.,0.866025403784439,1.,0.866025403784439,1.,0.866025403784439,
1.,0.866025403784439,1.,0.866025403784439,1.,0.866025403784439,1.,0.866025403784439,
1.,0.866025403784439,1.,0.866025403784439,1.,0.866025403784439,1.,0.866025403784439,
1.,0.866025403784439,1.,0.866025403784439,1.,0.866025403784439,1.,0.866025403784439,
1.,0.866025403784439,1.,0.866025403784439,1.,0.866025403784439,1.,0.866025403784439,
1.,0.866025403784439,1.,0.866025403784439,1.,0.961764420191491,0.945353269858262)))
REPRESENTATION_ITEM('')
SURFACE()
);
#27=CYLINDRICAL_SURFACE('',#375,0.0165);
#28=CYLINDRICAL_SURFACE('',#381,0.0035);
#29=CYLINDRICAL_SURFACE('',#382,0.0021);
#30=CYLINDRICAL_SURFACE('',#383,0.004);
#31=CYLINDRICAL_SURFACE('',#389,0.00125);
#32=CYLINDRICAL_SURFACE('',#393,0.0185);
#33=CYLINDRICAL_SURFACE('',#397,0.005);
#34=CYLINDRICAL_SURFACE('',#401,0.002);
#35=CYLINDRICAL_SURFACE('',#404,0.002);
#36=CYLINDRICAL_SURFACE('',#405,0.001);
#37=B_SPLINE_SURFACE_WITH_KNOTS('',3,3,((#536,#537,#538,#539),(#540,#541,
#542,#543),(#544,#545,#546,#547),(#548,#549,#550,#551),(#552,#553,#554,
#555),(#556,#557,#558,#559),(#560,#561,#562,#563),(#564,#565,#566,#567),
(#568,#569,#570,#571),(#572,#573,#574,#575),(#576,#577,#578,#579),(#580,
#581,#582,#583),(#584,#585,#586,#587),(#588,#589,#590,#591),(#592,#593,
#594,#595),(#596,#597,#598,#599),(#600,#601,#602,#603),(#604,#605,#606,
#607),(#608,#609,#610,#611)),.UNSPECIFIED.,.T.,.F.,.F.,(1,1,1,1,1,1,1,1,
1,1,1,1,1,1,1,1,1,1,1,1,1,1,1),(4,4),(-0.1875,-0.125,-0.0625,0.,0.0625,
0.125,0.1875,0.25,0.3125,0.375,0.4375,0.5,0.5625,0.625,0.6875,0.75,0.8125,
0.875,0.9375,1.,1.0625,1.125,1.1875),(0.0442734553935133,0.963350921356219),
 .UNSPECIFIED.);
#38=CIRCLE('',#371,0.0021);
#39=CIRCLE('',#373,0.004);
#40=CIRCLE('',#374,0.0021);
#41=CIRCLE('',#376,0.0165);
#42=CIRCLE('',#378,0.0035);
#43=CIRCLE('',#380,0.0035);
#44=CIRCLE('',#384,0.004);
#45=CIRCLE('',#386,0.005);
#46=CIRCLE('',#388,0.00125);
#47=CIRCLE('',#390,0.00125);
#48=CIRCLE('',#392,0.0185);
#49=CIRCLE('',#394,0.0185);
#50=CIRCLE('',#396,0.005);
#51=CIRCLE('',#399,0.001);
#52=CIRCLE('',#400,0.002);
#53=CIRCLE('',#403,0.002);
#54=ORIENTED_EDGE('',*,*,#138,.F.);
#55=ORIENTED_EDGE('',*,*,#139,.F.);
#56=ORIENTED_EDGE('',*,*,#140,.F.);
#57=ORIENTED_EDGE('',*,*,#141,.F.);
#58=ORIENTED_EDGE('',*,*,#142,.T.);
#59=ORIENTED_EDGE('',*,*,#143,.F.);
#60=ORIENTED_EDGE('',*,*,#144,.T.);
#61=ORIENTED_EDGE('',*,*,#145,.T.);
#62=ORIENTED_EDGE('',*,*,#146,.F.);
#63=ORIENTED_EDGE('',*,*,#147,.T.);
#64=ORIENTED_EDGE('',*,*,#148,.T.);
#65=ORIENTED_EDGE('',*,*,#149,.F.);
#66=ORIENTED_EDGE('',*,*,#150,.T.);
#67=ORIENTED_EDGE('',*,*,#138,.T.);
#68=ORIENTED_EDGE('',*,*,#151,.F.);
#69=ORIENTED_EDGE('',*,*,#151,.T.);
#70=ORIENTED_EDGE('',*,*,#152,.F.);
#71=ORIENTED_EDGE('',*,*,#152,.T.);
#72=ORIENTED_EDGE('',*,*,#153,.F.);
#73=ORIENTED_EDGE('',*,*,#154,.T.);
#74=ORIENTED_EDGE('',*,*,#154,.F.);
#75=ORIENTED_EDGE('',*,*,#153,.T.);
#76=ORIENTED_EDGE('',*,*,#145,.F.);
#77=ORIENTED_EDGE('',*,*,#155,.T.);
#78=ORIENTED_EDGE('',*,*,#139,.T.);
#79=ORIENTED_EDGE('',*,*,#156,.F.);
#80=ORIENTED_EDGE('',*,*,#141,.T.);
#81=ORIENTED_EDGE('',*,*,#157,.F.);
#82=ORIENTED_EDGE('',*,*,#147,.F.);
#83=ORIENTED_EDGE('',*,*,#158,.T.);
#84=ORIENTED_EDGE('',*,*,#140,.T.);
#85=ORIENTED_EDGE('',*,*,#155,.F.);
#86=ORIENTED_EDGE('',*,*,#144,.F.);
#87=ORIENTED_EDGE('',*,*,#157,.T.);
#88=ORIENTED_EDGE('',*,*,#146,.T.);
#89=ORIENTED_EDGE('',*,*,#156,.T.);
#90=ORIENTED_EDGE('',*,*,#142,.F.);
#91=ORIENTED_EDGE('',*,*,#158,.F.);
#92=ORIENTED_EDGE('',*,*,#159,.T.);
#93=ORIENTED_EDGE('',*,*,#143,.T.);
#94=ORIENTED_EDGE('',*,*,#159,.F.);
#95=ORIENTED_EDGE('',*,*,#160,.T.);
#96=ORIENTED_EDGE('',*,*,#161,.F.);
#97=ORIENTED_EDGE('',*,*,#162,.T.);
#98=ORIENTED_EDGE('',*,*,#163,.F.);
#99=ORIENTED_EDGE('',*,*,#164,.F.);
#100=ORIENTED_EDGE('',*,*,#161,.T.);
#101=ORIENTED_EDGE('',*,*,#165,.F.);
#102=ORIENTED_EDGE('',*,*,#166,.F.);
#103=ORIENTED_EDGE('',*,*,#167,.T.);
#104=ORIENTED_EDGE('',*,*,#168,.T.);
#105=ORIENTED_EDGE('',*,*,#169,.T.);
#106=ORIENTED_EDGE('',*,*,#162,.F.);
#107=ORIENTED_EDGE('',*,*,#167,.F.);
#108=ORIENTED_EDGE('',*,*,#170,.F.);
#109=ORIENTED_EDGE('',*,*,#171,.T.);
#110=ORIENTED_EDGE('',*,*,#163,.T.);
#111=ORIENTED_EDGE('',*,*,#169,.F.);
#112=ORIENTED_EDGE('',*,*,#164,.T.);
#113=ORIENTED_EDGE('',*,*,#171,.F.);
#114=ORIENTED_EDGE('',*,*,#172,.F.);
#115=ORIENTED_EDGE('',*,*,#165,.T.);
#116=ORIENTED_EDGE('',*,*,#172,.T.);
#117=ORIENTED_EDGE('',*,*,#170,.T.);
#118=ORIENTED_EDGE('',*,*,#168,.F.);
#119=ORIENTED_EDGE('',*,*,#166,.T.);
#120=ORIENTED_EDGE('',*,*,#173,.F.);
#121=ORIENTED_EDGE('',*,*,#174,.F.);
#122=ORIENTED_EDGE('',*,*,#173,.T.);
#123=ORIENTED_EDGE('',*,*,#175,.F.);
#124=ORIENTED_EDGE('',*,*,#176,.F.);
#125=ORIENTED_EDGE('',*,*,#174,.T.);
#126=ORIENTED_EDGE('',*,*,#176,.T.);
#127=ORIENTED_EDGE('',*,*,#160,.F.);
#128=ORIENTED_EDGE('',*,*,#177,.F.);
#129=ORIENTED_EDGE('',*,*,#178,.T.);
#130=ORIENTED_EDGE('',*,*,#175,.T.);
#131=ORIENTED_EDGE('',*,*,#178,.F.);
#132=ORIENTED_EDGE('',*,*,#179,.F.);
#133=ORIENTED_EDGE('',*,*,#149,.T.);
#134=ORIENTED_EDGE('',*,*,#150,.F.);
#135=ORIENTED_EDGE('',*,*,#179,.T.);
#136=ORIENTED_EDGE('',*,*,#177,.T.);
#137=ORIENTED_EDGE('',*,*,#148,.F.);
#138=EDGE_CURVE('',#180,#180,#213,.T.);
#139=EDGE_CURVE('',#181,#182,#214,.T.);
#140=EDGE_CURVE('',#183,#181,#215,.T.);
#141=EDGE_CURVE('',#184,#183,#216,.F.);
#142=EDGE_CURVE('',#184,#182,#38,.T.);
#143=EDGE_CURVE('',#185,#185,#39,.F.);
#144=EDGE_CURVE('',#186,#187,#217,.T.);
#145=EDGE_CURVE('',#187,#188,#218,.T.);
#146=EDGE_CURVE('',#189,#188,#40,.T.);
#147=EDGE_CURVE('',#189,#186,#219,.T.);
#148=EDGE_CURVE('',#190,#190,#220,.T.);
#149=EDGE_CURVE('',#191,#192,#221,.T.);
#150=EDGE_CURVE('',#191,#192,#222,.T.);
#151=EDGE_CURVE('',#193,#193,#223,.T.);
#152=EDGE_CURVE('',#194,#194,#41,.T.);
#153=EDGE_CURVE('',#195,#195,#42,.T.);
#154=EDGE_CURVE('',#196,#196,#43,.T.);
#155=EDGE_CURVE('',#187,#181,#13,.T.);
#156=EDGE_CURVE('',#188,#182,#14,.T.);
#157=EDGE_CURVE('',#186,#183,#15,.T.);
#158=EDGE_CURVE('',#189,#184,#16,.T.);
#159=EDGE_CURVE('',#197,#197,#44,.T.);
#160=EDGE_CURVE('',#198,#198,#45,.T.);
#161=EDGE_CURVE('',#199,#200,#224,.F.);
#162=EDGE_CURVE('',#199,#201,#46,.T.);
#163=EDGE_CURVE('',#202,#201,#225,.T.);
#164=EDGE_CURVE('',#200,#202,#226,.T.);
#165=EDGE_CURVE('',#203,#200,#17,.T.);
#166=EDGE_CURVE('',#204,#203,#227,.T.);
#167=EDGE_CURVE('',#204,#199,#18,.T.);
#168=EDGE_CURVE('',#204,#205,#47,.T.);
#169=EDGE_CURVE('',#205,#201,#19,.T.);
#170=EDGE_CURVE('',#206,#205,#228,.T.);
#171=EDGE_CURVE('',#206,#202,#20,.T.);
#172=EDGE_CURVE('',#203,#206,#229,.T.);
#173=EDGE_CURVE('',#207,#207,#48,.T.);
#174=EDGE_CURVE('',#208,#208,#49,.T.);
#175=EDGE_CURVE('',#209,#209,#230,.F.);
#176=EDGE_CURVE('',#210,#210,#50,.T.);
#177=EDGE_CURVE('',#211,#211,#51,.T.);
#178=EDGE_CURVE('',#212,#212,#52,.T.);
#179=EDGE_CURVE('',#191,#192,#53,.T.);
#180=VERTEX_POINT('',#493);
#181=VERTEX_POINT('',#499);
#182=VERTEX_POINT('',#500);
#183=VERTEX_POINT('',#505);
#184=VERTEX_POINT('',#511);
#185=VERTEX_POINT('',#515);
#186=VERTEX_POINT('',#520);
#187=VERTEX_POINT('',#521);
#188=VERTEX_POINT('',#528);
#189=VERTEX_POINT('',#530);
#190=VERTEX_POINT('',#623);
#191=VERTEX_POINT('',#628);
#192=VERTEX_POINT('',#629);
#193=VERTEX_POINT('',#669);
#194=VERTEX_POINT('',#672);
#195=VERTEX_POINT('',#675);
#196=VERTEX_POINT('',#678);
#197=VERTEX_POINT('',#1815);
#198=VERTEX_POINT('',#1818);
#199=VERTEX_POINT('',#1825);
#200=VERTEX_POINT('',#1826);
#201=VERTEX_POINT('',#1828);
#202=VERTEX_POINT('',#1834);
#203=VERTEX_POINT('',#2034);
#204=VERTEX_POINT('',#2040);
#205=VERTEX_POINT('',#2128);
#206=VERTEX_POINT('',#2333);
#207=VERTEX_POINT('',#2637);
#208=VERTEX_POINT('',#2640);
#209=VERTEX_POINT('',#2653);
#210=VERTEX_POINT('',#2655);
#211=VERTEX_POINT('',#2659);
#212=VERTEX_POINT('',#2661);
#213=B_SPLINE_CURVE_WITH_KNOTS('',3,(#482,#483,#484,#485,#486,#487,#488,
#489,#490,#491,#492),.UNSPECIFIED.,.T.,.F.,(1,1,1,1,1,1,1,1,1,1,1,1,1,1,
1),(-0.0099400750609006,-0.00662671670726706,-0.00331335835363353,0.,0.00331335835363353,
0.00662671670726706,0.0099400750609006,0.0132534334145341,0.0165667917681677,
0.0198801501218012,0.0231935084754347,0.0265068668290683,0.0298202251827018,
0.0331335835363353,0.0364469418899689),.UNSPECIFIED.);
#214=B_SPLINE_CURVE_WITH_KNOTS('',3,(#494,#495,#496,#497,#498),
 .UNSPECIFIED.,.F.,.F.,(4,1,4),(0.026701414908514,0.0289884489660902,0.0312754830236664),
 .UNSPECIFIED.);
#215=B_SPLINE_CURVE_WITH_KNOTS('',3,(#501,#502,#503,#504),.UNSPECIFIED.,
 .F.,.F.,(4,4),(0.00448098103599315,0.006504079198604),.UNSPECIFIED.);
#216=B_SPLINE_CURVE_WITH_KNOTS('',3,(#506,#507,#508,#509,#510),
 .UNSPECIFIED.,.F.,.F.,(4,1,4),(0.0290076553874214,0.0312872069939316,0.0335667586004418),
 .UNSPECIFIED.);
#217=B_SPLINE_CURVE_WITH_KNOTS('',3,(#516,#517,#518,#519),.UNSPECIFIED.,
 .F.,.F.,(4,4),(0.00454151079929847,0.00657376907428367),.UNSPECIFIED.);
#218=B_SPLINE_CURVE_WITH_KNOTS('',3,(#522,#523,#524,#525,#526,#527),
 .UNSPECIFIED.,.F.,.F.,(4,1,1,4),(0.0174142472992152,0.0196971646892622,
0.0208386233842857,0.0219800820793092),.UNSPECIFIED.);
#219=B_SPLINE_CURVE_WITH_KNOTS('',3,(#531,#532,#533,#534,#535),
 .UNSPECIFIED.,.F.,.F.,(4,1,4),(0.00914686904080363,0.0114823993002402,
0.0138179295596767),.UNSPECIFIED.);
#220=B_SPLINE_CURVE_WITH_KNOTS('',3,(#612,#613,#614,#615,#616,#617,#618,
#619,#620,#621,#622),.UNSPECIFIED.,.T.,.F.,(1,1,1,1,1,1,1,1,1,1,1,1,1,1,
1),(-0.00240935678501326,-0.00160623785667549,-0.00080311892833772,4.86960085019993E-17,
0.000803118928337818,0.00160623785667559,0.00240935678501336,0.00321247571335112,
0.00401559464168889,0.00481871357002666,0.00562183249836443,0.0064249514267022,
0.00722807035503997,0.00803118928337774,0.00883430821171551),
 .UNSPECIFIED.);
#221=B_SPLINE_CURVE_WITH_KNOTS('',3,(#624,#625,#626,#627),.UNSPECIFIED.,
 .F.,.F.,(4,4),(0.00110070532190796,0.00299733506017211),.UNSPECIFIED.);
#222=B_SPLINE_CURVE_WITH_KNOTS('',3,(#630,#631,#632,#633),.UNSPECIFIED.,
 .F.,.F.,(4,4),(1.45056626922513E-14,0.00198547610135581),.UNSPECIFIED.);
#223=B_SPLINE_CURVE_WITH_KNOTS('',3,(#634,#635,#636,#637,#638,#639,#640,
#641,#642,#643,#644,#645,#646,#647,#648,#649,#650,#651,#652,#653,#654,#655,
#656,#657,#658,#659,#660,#661,#662,#663,#664,#665,#666,#667,#668),
 .UNSPECIFIED.,.T.,.F.,(1,1,1,1,1,1,1,1,1,1,1,1,1,1,1,1,1,1,1,1,1,1,1,1,
1,1,1,1,1,1,1,1,1,1,1,1,1,1,1),(-0.00963426003901485,-0.0064228400260099,
-0.00321142001300495,0.,0.00321142001300496,0.00642284002600991,0.00963426003901487,
0.0128456800520198,0.0160571000650248,0.0192685200780297,0.0224799400910347,
0.0256913601040396,0.0289027801170446,0.0321142001300495,0.0353256201430545,
0.0385370401560595,0.0417484601690644,0.0449598801820694,0.0481713001950743,
0.0513827202080793,0.0545941402210842,0.0578055602340892,0.0610169802470941,
0.0642284002600991,0.0674398202731041,0.070651240286109,0.073862660299114,
0.0770740803121189,0.0802855003251239,0.0834969203381288,0.0867083403511338,
0.0899197603641387,0.0931311803771437,0.0963426003901487,0.0995540204031536,
0.102765440416159,0.105976860429164,0.109188280442168,0.112399700455173),
 .UNSPECIFIED.);
#224=B_SPLINE_CURVE_WITH_KNOTS('',3,(#1820,#1821,#1822,#1823,#1824),
 .UNSPECIFIED.,.F.,.F.,(4,1,4),(0.00367065529695108,0.00503073952936809,
0.0063908237617851),.UNSPECIFIED.);
#225=B_SPLINE_CURVE_WITH_KNOTS('',3,(#1829,#1830,#1831,#1832,#1833),
 .UNSPECIFIED.,.F.,.F.,(4,1,4),(0.00156483195487529,0.00291699084037632,
0.00426914972587736),.UNSPECIFIED.);
#226=B_SPLINE_CURVE_WITH_KNOTS('',3,(#1835,#1836,#1837,#1838),
 .UNSPECIFIED.,.F.,.F.,(4,4),(0.00271962045787542,0.00394028256234415),
 .UNSPECIFIED.);
#227=B_SPLINE_CURVE_WITH_KNOTS('',3,(#2035,#2036,#2037,#2038,#2039),
 .UNSPECIFIED.,.F.,.F.,(4,1,4),(0.00504122938357608,0.00641394258749767,
0.00778665579141927),.UNSPECIFIED.);
#228=B_SPLINE_CURVE_WITH_KNOTS('',3,(#2328,#2329,#2330,#2331,#2332),
 .UNSPECIFIED.,.F.,.F.,(4,1,4),(0.0173166336073673,0.0186304363358408,0.0199442390643144),
 .UNSPECIFIED.);
#229=B_SPLINE_CURVE_WITH_KNOTS('',3,(#2631,#2632,#2633,#2634),
 .UNSPECIFIED.,.F.,.F.,(4,4),(0.00271962045786721,0.00394028256234409),
 .UNSPECIFIED.);
#230=B_SPLINE_CURVE_WITH_KNOTS('',3,(#2642,#2643,#2644,#2645,#2646,#2647,
#2648,#2649,#2650,#2651,#2652),.UNSPECIFIED.,.T.,.F.,(1,1,1,1,1,1,1,1,1,
1,1,1,1,1,1),(-0.00482149189036478,-0.00321432792690985,-0.00160716396345493,
0.,0.00160716396345493,0.00321432792690985,0.00482149189036478,0.00642865585381971,
0.00803581981727464,0.00964298378072956,0.0112501477441845,0.0128573117076394,
0.0144644756710943,0.0160716396345493,0.0176788035980042),.UNSPECIFIED.);
#231=EDGE_LOOP('',(#54));
#232=EDGE_LOOP('',(#55,#56,#57,#58));
#233=EDGE_LOOP('',(#59));
#234=EDGE_LOOP('',(#60,#61,#62,#63));
#235=EDGE_LOOP('',(#64));
#236=EDGE_LOOP('',(#65,#66));
#237=EDGE_LOOP('',(#67));
#238=EDGE_LOOP('',(#68));
#239=EDGE_LOOP('',(#69));
#240=EDGE_LOOP('',(#70));
#241=EDGE_LOOP('',(#71));
#242=EDGE_LOOP('',(#72));
#243=EDGE_LOOP('',(#73));
#244=EDGE_LOOP('',(#74));
#245=EDGE_LOOP('',(#75));
#246=EDGE_LOOP('',(#76,#77,#78,#79));
#247=EDGE_LOOP('',(#80,#81,#82,#83));
#248=EDGE_LOOP('',(#84,#85,#86,#87));
#249=EDGE_LOOP('',(#88,#89,#90,#91));
#250=EDGE_LOOP('',(#92));
#251=EDGE_LOOP('',(#93));
#252=EDGE_LOOP('',(#94));
#253=EDGE_LOOP('',(#95));
#254=EDGE_LOOP('',(#96,#97,#98,#99));
#255=EDGE_LOOP('',(#100,#101,#102,#103));
#256=EDGE_LOOP('',(#104,#105,#106,#107));
#257=EDGE_LOOP('',(#108,#109,#110,#111));
#258=EDGE_LOOP('',(#112,#113,#114,#115));
#259=EDGE_LOOP('',(#116,#117,#118,#119));
#260=EDGE_LOOP('',(#120));
#261=EDGE_LOOP('',(#121));
#262=EDGE_LOOP('',(#122));
#263=EDGE_LOOP('',(#123));
#264=EDGE_LOOP('',(#124));
#265=EDGE_LOOP('',(#125));
#266=EDGE_LOOP('',(#126));
#267=EDGE_LOOP('',(#127));
#268=EDGE_LOOP('',(#128));
#269=EDGE_LOOP('',(#129));
#270=EDGE_LOOP('',(#130));
#271=EDGE_LOOP('',(#131));
#272=EDGE_LOOP('',(#132,#133));
#273=EDGE_LOOP('',(#134,#135));
#274=EDGE_LOOP('',(#136));
#275=EDGE_LOOP('',(#137));
#276=FACE_BOUND('',#231,.T.);
#277=FACE_BOUND('',#232,.T.);
#278=FACE_BOUND('',#233,.T.);
#279=FACE_BOUND('',#234,.T.);
#280=FACE_BOUND('',#235,.T.);
#281=FACE_BOUND('',#236,.T.);
#282=FACE_BOUND('',#237,.T.);
#283=FACE_BOUND('',#238,.T.);
#284=FACE_BOUND('',#239,.T.);
#285=FACE_BOUND('',#240,.T.);
#286=FACE_BOUND('',#241,.T.);
#287=FACE_BOUND('',#242,.T.);
#288=FACE_BOUND('',#243,.T.);
#289=FACE_BOUND('',#244,.T.);
#290=FACE_BOUND('',#245,.T.);
#291=FACE_BOUND('',#246,.T.);
#292=FACE_BOUND('',#247,.T.);
#293=FACE_BOUND('',#248,.T.);
#294=FACE_BOUND('',#249,.T.);
#295=FACE_BOUND('',#250,.T.);
#296=FACE_BOUND('',#251,.T.);
#297=FACE_BOUND('',#252,.T.);
#298=FACE_BOUND('',#253,.T.);
#299=FACE_BOUND('',#254,.T.);
#300=FACE_BOUND('',#255,.T.);
#301=FACE_BOUND('',#256,.T.);
#302=FACE_BOUND('',#257,.T.);
#303=FACE_BOUND('',#258,.T.);
#304=FACE_BOUND('',#259,.T.);
#305=FACE_BOUND('',#260,.T.);
#306=FACE_BOUND('',#261,.T.);
#307=FACE_BOUND('',#262,.T.);
#308=FACE_BOUND('',#263,.T.);
#309=FACE_BOUND('',#264,.T.);
#310=FACE_BOUND('',#265,.T.);
#311=FACE_BOUND('',#266,.T.);
#312=FACE_BOUND('',#267,.T.);
#313=FACE_BOUND('',#268,.T.);
#314=FACE_BOUND('',#269,.T.);
#315=FACE_BOUND('',#270,.T.);
#316=FACE_BOUND('',#271,.T.);
#317=FACE_BOUND('',#272,.T.);
#318=FACE_BOUND('',#273,.T.);
#319=FACE_BOUND('',#274,.T.);
#320=FACE_BOUND('',#275,.T.);
#321=PLANE('',#370);
#322=PLANE('',#372);
#323=PLANE('',#377);
#324=PLANE('',#379);
#325=PLANE('',#385);
#326=PLANE('',#387);
#327=PLANE('',#391);
#328=PLANE('',#398);
#329=PLANE('',#402);
#330=ADVANCED_FACE('',(#276,#277),#321,.F.);
#331=ADVANCED_FACE('',(#278,#279),#322,.T.);
#332=ADVANCED_FACE('',(#280,#281,#282,#283),#37,.F.);
#333=ADVANCED_FACE('',(#284,#285),#27,.F.);
#334=ADVANCED_FACE('',(#286,#287),#323,.T.);
#335=ADVANCED_FACE('',(#288),#324,.T.);
#336=ADVANCED_FACE('',(#289,#290),#28,.T.);
#337=ADVANCED_FACE('',(#291),#21,.F.);
#338=ADVANCED_FACE('',(#292),#22,.F.);
#339=ADVANCED_FACE('',(#293),#23,.F.);
#340=ADVANCED_FACE('',(#294),#29,.F.);
#341=ADVANCED_FACE('',(#295,#296),#30,.F.);
#342=ADVANCED_FACE('',(#297,#298),#325,.T.);
#343=ADVANCED_FACE('',(#299),#326,.F.);
#344=ADVANCED_FACE('',(#300),#24,.F.);
#345=ADVANCED_FACE('',(#301),#31,.F.);
#346=ADVANCED_FACE('',(#302),#25,.F.);
#347=ADVANCED_FACE('',(#303),#26,.F.);
#348=ADVANCED_FACE('',(#304,#305),#327,.F.);
#349=ADVANCED_FACE('',(#306,#307),#32,.T.);
#350=ADVANCED_FACE('',(#308,#309,#310),#12,.T.);
#351=ADVANCED_FACE('',(#311,#312),#33,.T.);
#352=ADVANCED_FACE('',(#313,#314),#328,.T.);
#353=ADVANCED_FACE('',(#315,#316),#34,.T.);
#354=ADVANCED_FACE('',(#317),#329,.F.);
#355=ADVANCED_FACE('',(#318),#35,.T.);
#356=ADVANCED_FACE('',(#319,#320),#36,.F.);
#357=CLOSED_SHELL('',(#330,#331,#332,#333,#334,#335,#336,#337,#338,#339,
#340,#341,#342,#343,#344,#345,#346,#347,#348,#349,#350,#351,#352,#353,#354,
#355,#356));
#358=STYLED_ITEM('',(#359),#366);
#359=PRESENTATION_STYLE_ASSIGNMENT((#360));
#360=SURFACE_STYLE_USAGE(.BOTH.,#361);
#361=SURFACE_SIDE_STYLE('',(#362));
#362=SURFACE_STYLE_FILL_AREA(#363);
#363=FILL_AREA_STYLE('',(#364));
#364=FILL_AREA_STYLE_COLOUR('',#365);
#365=COLOUR_RGB('',0.917647058823529,0.917647058823529,0.917647058823529);
#366=MANIFOLD_SOLID_BREP('Posoda_V5',#357);
#367=SHAPE_DEFINITION_REPRESENTATION(#2673,#368);
#368=SHAPE_REPRESENTATION('Posoda_V5',(#369),#2668);
#369=AXIS2_PLACEMENT_3D('',#480,#406,#407);
#370=AXIS2_PLACEMENT_3D('',#481,#408,#409);
#371=AXIS2_PLACEMENT_3D('',#512,#410,#411);
#372=AXIS2_PLACEMENT_3D('',#513,#412,#413);
#373=AXIS2_PLACEMENT_3D('',#514,#414,#415);
#374=AXIS2_PLACEMENT_3D('',#529,#416,#417);
#375=AXIS2_PLACEMENT_3D('',#670,#418,#419);
#376=AXIS2_PLACEMENT_3D('',#671,#420,#421);
#377=AXIS2_PLACEMENT_3D('',#673,#422,#423);
#378=AXIS2_PLACEMENT_3D('',#674,#424,#425);
#379=AXIS2_PLACEMENT_3D('',#676,#426,#427);
#380=AXIS2_PLACEMENT_3D('',#677,#428,#429);
#381=AXIS2_PLACEMENT_3D('',#679,#430,#431);
#382=AXIS2_PLACEMENT_3D('',#1812,#432,#433);
#383=AXIS2_PLACEMENT_3D('',#1813,#434,#435);
#384=AXIS2_PLACEMENT_3D('',#1814,#436,#437);
#385=AXIS2_PLACEMENT_3D('',#1816,#438,#439);
#386=AXIS2_PLACEMENT_3D('',#1817,#440,#441);
#387=AXIS2_PLACEMENT_3D('',#1819,#442,#443);
#388=AXIS2_PLACEMENT_3D('',#1827,#444,#445);
#389=AXIS2_PLACEMENT_3D('',#2126,#446,#447);
#390=AXIS2_PLACEMENT_3D('',#2127,#448,#449);
#391=AXIS2_PLACEMENT_3D('',#2635,#450,#451);
#392=AXIS2_PLACEMENT_3D('',#2636,#452,#453);
#393=AXIS2_PLACEMENT_3D('',#2638,#454,#455);
#394=AXIS2_PLACEMENT_3D('',#2639,#456,#457);
#395=AXIS2_PLACEMENT_3D('',#2641,#458,#459);
#396=AXIS2_PLACEMENT_3D('',#2654,#460,#461);
#397=AXIS2_PLACEMENT_3D('',#2656,#462,#463);
#398=AXIS2_PLACEMENT_3D('',#2657,#464,#465);
#399=AXIS2_PLACEMENT_3D('',#2658,#466,#467);
#400=AXIS2_PLACEMENT_3D('',#2660,#468,#469);
#401=AXIS2_PLACEMENT_3D('',#2662,#470,#471);
#402=AXIS2_PLACEMENT_3D('',#2663,#472,#473);
#403=AXIS2_PLACEMENT_3D('',#2664,#474,#475);
#404=AXIS2_PLACEMENT_3D('',#2665,#476,#477);
#405=AXIS2_PLACEMENT_3D('',#2666,#478,#479);
#406=DIRECTION('',(0.,0.,1.));
#407=DIRECTION('',(1.,0.,0.));
#408=DIRECTION('',(0.,1.,0.));
#409=DIRECTION('',(-1.,0.,0.));
#410=DIRECTION('',(0.,1.,0.));
#411=DIRECTION('',(0.,0.,1.));
#412=DIRECTION('',(0.,1.,0.));
#413=DIRECTION('',(-1.,0.,0.));
#414=DIRECTION('',(0.,1.,0.));
#415=DIRECTION('',(0.,0.,1.));
#416=DIRECTION('',(0.,1.,0.));
#417=DIRECTION('',(0.,0.,1.));
#418=DIRECTION('',(0.,-1.,0.));
#419=DIRECTION('',(0.,0.,-1.));
#420=DIRECTION('',(0.,1.,0.));
#421=DIRECTION('',(0.,0.,1.));
#422=DIRECTION('',(0.,1.,0.));
#423=DIRECTION('',(-1.,0.,0.));
#424=DIRECTION('',(0.,1.,0.));
#425=DIRECTION('',(0.,0.,1.));
#426=DIRECTION('',(0.,1.,0.));
#427=DIRECTION('',(-1.,0.,0.));
#428=DIRECTION('',(0.,1.,0.));
#429=DIRECTION('',(0.,0.,1.));
#430=DIRECTION('',(0.,-1.,0.));
#431=DIRECTION('',(0.,0.,-1.));
#432=DIRECTION('',(0.,-1.,0.));
#433=DIRECTION('',(0.,0.,-1.));
#434=DIRECTION('',(0.,-1.,0.));
#435=DIRECTION('',(0.,0.,-1.));
#436=DIRECTION('',(0.,1.,0.));
#437=DIRECTION('',(0.,0.,1.));
#438=DIRECTION('',(0.,1.,0.));
#439=DIRECTION('',(-1.,0.,0.));
#440=DIRECTION('',(0.,1.,0.));
#441=DIRECTION('',(0.,0.,1.));
#442=DIRECTION('',(0.,1.,0.));
#443=DIRECTION('',(-1.,0.,0.));
#444=DIRECTION('',(0.,-1.,0.));
#445=DIRECTION('',(0.,0.,-1.));
#446=DIRECTION('',(0.,1.,0.));
#447=DIRECTION('',(0.,0.,1.));
#448=DIRECTION('',(0.,-1.,0.));
#449=DIRECTION('',(0.,0.,-1.));
#450=DIRECTION('',(0.,1.,0.));
#451=DIRECTION('',(-1.,0.,0.));
#452=DIRECTION('',(0.,1.,0.));
#453=DIRECTION('',(0.,0.,1.));
#454=DIRECTION('',(0.,-1.,0.));
#455=DIRECTION('',(0.,0.,-1.));
#456=DIRECTION('',(0.,1.,0.));
#457=DIRECTION('',(0.,0.,1.));
#458=DIRECTION('',(1.45473230946059E-15,-0.999999999997021,-2.44100622920681E-6));
#459=DIRECTION('',(2.36217013353727E-15,2.44100622918485E-6,-0.999999999997021));
#460=DIRECTION('',(0.,1.,0.));
#461=DIRECTION('',(0.,0.,1.));
#462=DIRECTION('',(0.,-1.,0.));
#463=DIRECTION('',(0.,0.,-1.));
#464=DIRECTION('',(-0.866025403784439,0.5,0.));
#465=DIRECTION('',(-0.5,-0.866025403784439,0.));
#466=DIRECTION('',(-0.866025403784439,0.5,0.));
#467=DIRECTION('',(-0.5,-0.866025403784439,0.));
#468=DIRECTION('',(-0.866025403784439,0.5,0.));
#469=DIRECTION('',(-0.5,-0.866025403784439,0.));
#470=DIRECTION('',(-0.866025403784439,0.5,0.));
#471=DIRECTION('',(-0.5,-0.866025403784439,0.));
#472=DIRECTION('',(-0.866025403784439,0.5,0.));
#473=DIRECTION('',(-0.5,-0.866025403784439,0.));
#474=DIRECTION('',(-0.866025403784439,0.5,0.));
#475=DIRECTION('',(-0.5,-0.866025403784439,0.));
#476=DIRECTION('',(-0.866025403784439,0.5,0.));
#477=DIRECTION('',(-0.5,-0.866025403784439,0.));
#478=DIRECTION('',(-0.866025403784439,0.5,0.));
#479=DIRECTION('',(-0.5,-0.866025403784439,0.));
#480=CARTESIAN_POINT('',(0.,0.,0.));
#481=CARTESIAN_POINT('',(0.130725,0.0344201648,0.0447497249999999));
#482=CARTESIAN_POINT('',(0.136651619612207,0.0344201648,0.0348867858306094));
#483=CARTESIAN_POINT('',(0.133324787121206,0.0344201648,0.03350706864417));
#484=CARTESIAN_POINT('',(0.130003082268125,0.0344201648,0.0348857128510446));
#485=CARTESIAN_POINT('',(0.128628012665727,0.0344201648,0.0382029725785686));
#486=CARTESIAN_POINT('',(0.130001112898325,0.0344201648,0.0415272594444648));
#487=CARTESIAN_POINT('',(0.133325037181103,0.0344201648,0.0429042277651179));
#488=CARTESIAN_POINT('',(0.136643597726324,0.0344201648,0.041531817426296));
#489=CARTESIAN_POINT('',(0.138024056966225,0.0344201648,0.0382114426768069));
#490=CARTESIAN_POINT('',(0.136651619612207,0.0344201648,0.0348867858306094));
#491=CARTESIAN_POINT('',(0.133324787121206,0.0344201648,0.03350706864417));
#492=CARTESIAN_POINT('',(0.130003082268125,0.0344201648,0.0348857128510446));
#493=CARTESIAN_POINT('',(0.133325641727526,0.0344201648,0.0339667955430557));
#494=CARTESIAN_POINT('',(0.134308007872731,0.0344201648,0.0405411609490205));
#495=CARTESIAN_POINT('',(0.133573079009384,0.0344201648,0.0407750073400108));
#496=CARTESIAN_POINT('',(0.131900421378987,0.0344201648,0.0405348527079854));
#497=CARTESIAN_POINT('',(0.131142261701622,0.0344201648,0.0389645965185097));
#498=CARTESIAN_POINT('',(0.131225641727526,0.0344201648,0.0382063996988893));
#499=CARTESIAN_POINT('',(0.134308007872731,0.0344201648,0.0405411609490205));
#500=CARTESIAN_POINT('',(0.131225641727526,0.0344201648,0.0382063996988893));
#501=CARTESIAN_POINT('',(0.135673807346718,0.0344201648,0.0391562794613889));
#502=CARTESIAN_POINT('',(0.135462013167348,0.0344201648,0.0397966204098859));
#503=CARTESIAN_POINT('',(0.134943843310246,0.0344201648,0.0403242596460489));
#504=CARTESIAN_POINT('',(0.134308007872731,0.0344201648,0.0405411609490205));
#505=CARTESIAN_POINT('',(0.135673807346718,0.0344201648,0.0391562794613889));
#506=CARTESIAN_POINT('',(0.135673807346718,0.0344201648000001,0.039156279461388));
#507=CARTESIAN_POINT('',(0.135896470658857,0.0344201648000001,0.0384366692472256));
#508=CARTESIAN_POINT('',(0.135631117333211,0.0344201648,0.036755590870232));
#509=CARTESIAN_POINT('',(0.134087986261965,0.0344201647999999,0.0360337954578314));
#510=CARTESIAN_POINT('',(0.133325641727527,0.0344201647999999,0.036106399698889));
#511=CARTESIAN_POINT('',(0.133325641727526,0.0344201648,0.036106399698889));
#512=CARTESIAN_POINT('',(0.133325641727526,0.0344201648,0.0382063996988891));
#513=CARTESIAN_POINT('',(0.130725,0.0394201648,0.0447497249999999));
#514=CARTESIAN_POINT('',(0.133325641727526,0.0394201648,0.0382063996988891));
#515=CARTESIAN_POINT('',(0.133325641727526,0.0394201648,0.042206399698889));
#516=CARTESIAN_POINT('',(0.134308007872731,0.0394201648,0.0358716384487574));
#517=CARTESIAN_POINT('',(0.134948190944545,0.0394201648,0.0360900228517399));
#518=CARTESIAN_POINT('',(0.135463712118018,0.0394201647999993,0.0366213156148102));
#519=CARTESIAN_POINT('',(0.135673807346718,0.0394201647999993,0.0372565199363889));
#520=CARTESIAN_POINT('',(0.134308007872731,0.0394201648,0.0358716384487575));
#521=CARTESIAN_POINT('',(0.135673807346718,0.0394201648,0.0372565199363891));
#522=CARTESIAN_POINT('',(0.135673807346718,0.0394201648,0.037256519936391));
#523=CARTESIAN_POINT('',(0.135899979015457,0.0394201648,0.0379874685664782));
#524=CARTESIAN_POINT('',(0.135694973639961,0.0394201647999999,0.0392239335624585));
#525=CARTESIAN_POINT('',(0.13447624388486,0.0394201648000001,0.040217120161515));
#526=CARTESIAN_POINT('',(0.133702475247447,0.0394201647999999,0.0403422886053917));
#527=CARTESIAN_POINT('',(0.133325641727525,0.0394201647999999,0.0403063996988891));
#528=CARTESIAN_POINT('',(0.133325641727526,0.0394201648,0.0403063996988891));
#529=CARTESIAN_POINT('',(0.133325641727526,0.0394201648,0.0382063996988891));
#530=CARTESIAN_POINT('',(0.131225641727526,0.0394201648,0.0382063996988891));
#531=CARTESIAN_POINT('',(0.131225641727526,0.0394201648,0.0382063996988892));
#532=CARTESIAN_POINT('',(0.13114130243852,0.0394201648,0.0374394800439698));
#533=CARTESIAN_POINT('',(0.131898786740327,0.0394201648,0.0358813404444449));
#534=CARTESIAN_POINT('',(0.13357786345155,0.0394201648,0.0356393144153577));
#535=CARTESIAN_POINT('',(0.134308007872731,0.0394201648,0.0358716384487575));
#536=CARTESIAN_POINT('',(0.126818089068246,0.0234566307092744,0.05391695820627));
#537=CARTESIAN_POINT('',(0.12844201445831,0.0271329405731252,0.0499964758854104));
#538=CARTESIAN_POINT('',(0.130065939848375,0.030809250436976,0.0460759935645507));
#539=CARTESIAN_POINT('',(0.131689865238439,0.0344855603008269,0.042155511243691));
#540=CARTESIAN_POINT('',(0.133325641727526,0.0234566309632017,0.0552113906030336));
#541=CARTESIAN_POINT('',(0.133325641727526,0.0271329408270525,0.0509678894383883));
#542=CARTESIAN_POINT('',(0.133325641727526,0.0308092506909033,0.046724388273743));
#543=CARTESIAN_POINT('',(0.133325641727526,0.0344855605547542,0.0424808871090978));
#544=CARTESIAN_POINT('',(0.139833194386806,0.0234566307092744,0.0539169582062699));
#545=CARTESIAN_POINT('',(0.138209268996742,0.0271329405731252,0.0499964758854103));
#546=CARTESIAN_POINT('',(0.136585343606678,0.030809250436976,0.0460759935645506));
#547=CARTESIAN_POINT('',(0.134961418216613,0.0344855603008269,0.0421555112436909));
#548=CARTESIAN_POINT('',(0.145350031766123,0.0234566299861515,0.0502307263569763));
#549=CARTESIAN_POINT('',(0.142349408905711,0.0271329398500023,0.0472301238766803));
#550=CARTESIAN_POINT('',(0.1393487860453,0.0308092497138531,0.044229521396384));
#551=CARTESIAN_POINT('',(0.136348163184888,0.034485559577704,0.0412289189160884));
#552=CARTESIAN_POINT('',(0.149036265642081,0.0234566289039242,0.0447138898171312));
#553=CARTESIAN_POINT('',(0.145115762941106,0.027132938767775,0.0430899848071824));
#554=CARTESIAN_POINT('',(0.141195260240131,0.0308092486316258,0.0414660797972333));
#555=CARTESIAN_POINT('',(0.137274757539156,0.0344855584954767,0.0398421747872846));
#556=CARTESIAN_POINT('',(0.150330700065507,0.0234566276273541,0.0382063363183789));
#557=CARTESIAN_POINT('',(0.146087178520747,0.0271329374912049,0.0382063566984943));
#558=CARTESIAN_POINT('',(0.141843656975986,0.0308092473550558,0.0382063770786099));
#559=CARTESIAN_POINT('',(0.137600135431225,0.0344855572189066,0.0382063974587251));
#560=CARTESIAN_POINT('',(0.149036268508211,0.0234566263507884,0.0316987816324368));
#561=CARTESIAN_POINT('',(0.145115765807236,0.0271329362146392,0.0333227274026167));
#562=CARTESIAN_POINT('',(0.141195263106261,0.03080924607849,0.0349466731727958));
#563=CARTESIAN_POINT('',(0.137274760405286,0.0344855559423409,0.036570618942976));
#564=CARTESIAN_POINT('',(0.145350035819443,0.0234566252685716,0.0261819422264617));
#565=CARTESIAN_POINT('',(0.142349412959031,0.0271329351324225,0.0291825854669884));
#566=CARTESIAN_POINT('',(0.139348790098619,0.0308092449962733,0.0321832287075157));
#567=CARTESIAN_POINT('',(0.136348167238208,0.0344855548601241,0.0351838719480422));
#568=CARTESIAN_POINT('',(0.139833197252936,0.0234566245454593,0.0224957075110381));
#569=CARTESIAN_POINT('',(0.138209271862871,0.0271329344093101,0.0264162305921286));
#570=CARTESIAN_POINT('',(0.136585346472807,0.0308092442731609,0.0303367536732191));
#571=CARTESIAN_POINT('',(0.134961421082743,0.0344855541370117,0.0342572767543097));
#572=CARTESIAN_POINT('',(0.133325641727526,0.0234566242915363,0.0212012739270846));
#573=CARTESIAN_POINT('',(0.133325641727526,0.0271329341553871,0.0254448158519607));
#574=CARTESIAN_POINT('',(0.133325641727526,0.0308092440192379,0.0296883577768369));
#575=CARTESIAN_POINT('',(0.133325641727526,0.0344855538830888,0.0339318997017131));
#576=CARTESIAN_POINT('',(0.126818086202116,0.0234566245454593,0.022495707511038));
#577=CARTESIAN_POINT('',(0.12844201159218,0.0271329344093101,0.0264162305921285));
#578=CARTESIAN_POINT('',(0.130065936982245,0.0308092442731609,0.030336753673219));
#579=CARTESIAN_POINT('',(0.131689862372309,0.0344855541370117,0.0342572767543095));
#580=CARTESIAN_POINT('',(0.121301247635609,0.0234566252685716,0.0261819422264616));
#581=CARTESIAN_POINT('',(0.124301870496021,0.0271329351324225,0.0291825854669885));
#582=CARTESIAN_POINT('',(0.127302493356432,0.0308092449962733,0.0321832287075156));
#583=CARTESIAN_POINT('',(0.130303116216844,0.0344855548601241,0.0351838719480423));
#584=CARTESIAN_POINT('',(0.11761501494684,0.0234566263507884,0.0316987816324366));
#585=CARTESIAN_POINT('',(0.121535517647815,0.0271329362146392,0.0333227274026162));
#586=CARTESIAN_POINT('',(0.125456020348791,0.03080924607849,0.0349466731727961));
#587=CARTESIAN_POINT('',(0.129376523049766,0.0344855559423409,0.0365706189429758));
#588=CARTESIAN_POINT('',(0.116320583389545,0.0234566276273541,0.0382063363183789));
#589=CARTESIAN_POINT('',(0.120564104934305,0.027132937491205,0.0382063566984945));
#590=CARTESIAN_POINT('',(0.124807626479066,0.0308092473550558,0.0382063770786096));
#591=CARTESIAN_POINT('',(0.129051148023827,0.0344855572189066,0.0382063974587253));
#592=CARTESIAN_POINT('',(0.11761501781297,0.0234566289039242,0.0447138898171313));
#593=CARTESIAN_POINT('',(0.121535520513945,0.027132938767775,0.0430899848071821));
#594=CARTESIAN_POINT('',(0.125456023214921,0.0308092486316258,0.0414660797972339));
#595=CARTESIAN_POINT('',(0.129376525915895,0.0344855584954767,0.0398421747872843));
#596=CARTESIAN_POINT('',(0.121301251688929,0.0234566299861515,0.0502307263569764));
#597=CARTESIAN_POINT('',(0.124301874549341,0.0271329398500023,0.0472301238766806));
#598=CARTESIAN_POINT('',(0.127302497409752,0.0308092497138531,0.0442295213963839));
#599=CARTESIAN_POINT('',(0.130303120270164,0.034485559577704,0.0412289189160884));
#600=CARTESIAN_POINT('',(0.126818089068246,0.0234566307092744,0.05391695820627));
#601=CARTESIAN_POINT('',(0.12844201445831,0.0271329405731252,0.0499964758854104));
#602=CARTESIAN_POINT('',(0.130065939848375,0.030809250436976,0.0460759935645507));
#603=CARTESIAN_POINT('',(0.131689865238439,0.0344855603008269,0.042155511243691));
#604=CARTESIAN_POINT('',(0.133325641727526,0.0234566309632017,0.0552113906030336));
#605=CARTESIAN_POINT('',(0.133325641727526,0.0271329408270525,0.0509678894383883));
#606=CARTESIAN_POINT('',(0.133325641727526,0.0308092506909033,0.046724388273743));
#607=CARTESIAN_POINT('',(0.133325641727526,0.0344855605547542,0.0424808871090978));
#608=CARTESIAN_POINT('',(0.139833194386806,0.0234566307092744,0.0539169582062699));
#609=CARTESIAN_POINT('',(0.138209268996742,0.0271329405731252,0.0499964758854103));
#610=CARTESIAN_POINT('',(0.136585343606678,0.030809250436976,0.0460759935645506));
#611=CARTESIAN_POINT('',(0.134961418216613,0.0344855603008269,0.0421555112436909));
#612=CARTESIAN_POINT('',(0.121465358279556,0.0276271807491681,0.0374089335890615));
#613=CARTESIAN_POINT('',(0.121170783523986,0.0273939054986318,0.0382063821518656));
#614=CARTESIAN_POINT('',(0.121465214306218,0.0276270433433715,0.0390039359968104));
#615=CARTESIAN_POINT('',(0.12208247057948,0.0281460699110419,0.0393063015074654));
#616=CARTESIAN_POINT('',(0.122675557531063,0.0286991699526914,0.0390091384622877));
#617=CARTESIAN_POINT('',(0.122927912026748,0.0289576432815081,0.0382069643487918));
#618=CARTESIAN_POINT('',(0.122676804766,0.0287003728868116,0.0374049102260724));
#619=CARTESIAN_POINT('',(0.122081946834177,0.0281455880210273,0.037106169383478));
#620=CARTESIAN_POINT('',(0.121465358279556,0.0276271807491681,0.0374089335890615));
#621=CARTESIAN_POINT('',(0.121170783523986,0.0273939054986318,0.0382063821518656));
#622=CARTESIAN_POINT('',(0.121465214306218,0.0276270433433715,0.0390039359968104));
#623=CARTESIAN_POINT('',(0.12126895111362,0.0274716410145111,0.038206399698889));
#624=CARTESIAN_POINT('',(0.120692340769191,0.0269273569788193,0.0372558392841915));
#625=CARTESIAN_POINT('',(0.120741583903006,0.0270126485885107,0.0378803339242575));
#626=CARTESIAN_POINT('',(0.120741792855848,0.0270130105054499,0.0385297723356505));
#627=CARTESIAN_POINT('',(0.120692335356789,0.0269273476042656,0.0391569400745263));
#628=CARTESIAN_POINT('',(0.120692340769191,0.0269273569788193,0.0372558392841916));
#629=CARTESIAN_POINT('',(0.120692335356793,0.0269273476042716,0.0391569400745276));
#630=CARTESIAN_POINT('',(0.120692340769192,0.0269273569788216,0.0372558392842081));
#631=CARTESIAN_POINT('',(0.120419567214076,0.0267241362463362,0.0378341163842268));
#632=CARTESIAN_POINT('',(0.120419527886462,0.0267241049927917,0.0385785807564812));
#633=CARTESIAN_POINT('',(0.120692335356786,0.0269273476042637,0.0391569400745087));
#634=CARTESIAN_POINT('',(0.136601414804602,0.0235220297496042,0.0219255599469885));
#635=CARTESIAN_POINT('',(0.133313264867422,0.0235220297179147,0.0215986252106927));
#636=CARTESIAN_POINT('',(0.130099376090864,0.0235220297653916,0.0219179382619451));
#637=CARTESIAN_POINT('',(0.126983797396531,0.0235220299322654,0.0228590218438644));
#638=CARTESIAN_POINT('',(0.124120469341477,0.0235220301949598,0.0243839758274889));
#639=CARTESIAN_POINT('',(0.121586615040519,0.0235220305810434,0.0264609238419681));
#640=CARTESIAN_POINT('',(0.119535255780052,0.0235220310047287,0.0289548887219062));
#641=CARTESIAN_POINT('',(0.117985688274942,0.0235220315383789,0.0318440353678483));
#642=CARTESIAN_POINT('',(0.117044017348297,0.0235220320778844,0.0349435452117736));
#643=CARTESIAN_POINT('',(0.116718083263712,0.0235220326595945,0.0381869062473196));
#644=CARTESIAN_POINT('',(0.11703756039889,0.0235220332469628,0.0414374373610644));
#645=CARTESIAN_POINT('',(0.117971633202593,0.0235220337817054,0.0445339178550962));
#646=CARTESIAN_POINT('',(0.119515103053465,0.0235220343174693,0.0474282069216429));
#647=CARTESIAN_POINT('',(0.121562638703136,0.0235220347425229,0.0499272866334354));
#648=CARTESIAN_POINT('',(0.124088167313345,0.0235220351275379,0.052007630003818));
#649=CARTESIAN_POINT('',(0.1269556106334,0.023522035397759,0.0535411833224128));
#650=CARTESIAN_POINT('',(0.13006067878191,0.023522035559413,0.0544895112172646));
#651=CARTESIAN_POINT('',(0.133319701500405,0.023522035632644,0.0548121903955584));
#652=CARTESIAN_POINT('',(0.136534105355083,0.0235220355553188,0.0544996937183425));
#653=CARTESIAN_POINT('',(0.139673502513029,0.0235220354069489,0.0535521574661883));
#654=CARTESIAN_POINT('',(0.14252939762653,0.0235220351199193,0.0520276704676288));
#655=CARTESIAN_POINT('',(0.14505533547864,0.0235220347582344,0.0499632951833608));
#656=CARTESIAN_POINT('',(0.147126546859138,0.0235220343154697,0.0474407628619143));
#657=CARTESIAN_POINT('',(0.14865676029188,0.023522033790754,0.0445894436726808));
#658=CARTESIAN_POINT('',(0.149611739103121,0.0235220332523316,0.0414518531064213));
#659=CARTESIAN_POINT('',(0.14993139858449,0.023522032657479,0.0382377406141288));
#660=CARTESIAN_POINT('',(0.149616412284037,0.0235220320934157,0.0349791234649447));
#661=CARTESIAN_POINT('',(0.148674406412542,0.0235220315335644,0.031869940430661));
#662=CARTESIAN_POINT('',(0.14714833732298,0.0235220310171884,0.0290009472584603));
#663=CARTESIAN_POINT('',(0.145072843439876,0.023522030581354,0.0264696102331652));
#664=CARTESIAN_POINT('',(0.142579528495634,0.0235220301929422,0.0244169120362337));
#665=CARTESIAN_POINT('',(0.139686220020557,0.0235220299400097,0.0228668132964416));
#666=CARTESIAN_POINT('',(0.136601414804602,0.0235220297496042,0.0219255599469885));
#667=CARTESIAN_POINT('',(0.133313264867422,0.0235220297179147,0.0215986252106927));
#668=CARTESIAN_POINT('',(0.130099376090864,0.0235220297653916,0.0219179382619451));
#669=CARTESIAN_POINT('',(0.133325641727526,0.0235220297311091,0.021706333175284));
#670=CARTESIAN_POINT('',(0.133325641727526,0.0244201648,0.0382063331752841));
#671=CARTESIAN_POINT('',(0.133325641727526,0.0034201648,0.0382063331752841));
#672=CARTESIAN_POINT('',(0.133325641727526,0.0034201648,0.0547063331752841));
#673=CARTESIAN_POINT('',(0.130725,0.0034201648,0.03225));
#674=CARTESIAN_POINT('',(0.130725,0.0034201648,0.03225));
#675=CARTESIAN_POINT('',(0.130725,0.0034201648,0.03575));
#676=CARTESIAN_POINT('',(0.130725,0.0054201648,0.03225));
#677=CARTESIAN_POINT('',(0.130725,0.0054201648,0.03225));
#678=CARTESIAN_POINT('',(0.130725,0.0054201648,0.03575));
#679=CARTESIAN_POINT('',(0.130725,0.0034201648,0.03225));
#680=CARTESIAN_POINT('',(0.135381063895854,0.0394487606745154,0.0367260642476124));
#681=CARTESIAN_POINT('',(0.135455559818095,0.039442642344292,0.0368295006477149));
#682=CARTESIAN_POINT('',(0.135519295073834,0.0394368314666666,0.0369398933488891));
#683=CARTESIAN_POINT('',(0.136250512855937,0.0393701648,0.038206399698889));
#684=CARTESIAN_POINT('',(0.135519295073834,0.0393034981333334,0.0394729060488891));
#685=CARTESIAN_POINT('',(0.134788077291732,0.0392368314666667,0.040739412398889));
#686=CARTESIAN_POINT('',(0.133325641727526,0.0391701648,0.040739412398889));
#687=CARTESIAN_POINT('',(0.13186320616332,0.0391034981333333,0.040739412398889));
#688=CARTESIAN_POINT('',(0.131131988381217,0.0390368314666667,0.0394729060488891));
#689=CARTESIAN_POINT('',(0.130400770599114,0.0389701648,0.038206399698889));
#690=CARTESIAN_POINT('',(0.131131988381217,0.0389034981333334,0.0369398933488891));
#691=CARTESIAN_POINT('',(0.13186320616332,0.0388368314666667,0.035673386998889));
#692=CARTESIAN_POINT('',(0.133325641727526,0.0387701648,0.035673386998889));
#693=CARTESIAN_POINT('',(0.134788077291732,0.0387034981333334,0.035673386998889));
#694=CARTESIAN_POINT('',(0.135519295073834,0.0386368314666667,0.0369398933488891));
#695=CARTESIAN_POINT('',(0.136250512855937,0.0385701648,0.038206399698889));
#696=CARTESIAN_POINT('',(0.135519295073834,0.0385034981333333,0.0394729060488891));
#697=CARTESIAN_POINT('',(0.134788077291732,0.0384368314666666,0.040739412398889));
#698=CARTESIAN_POINT('',(0.133325641727526,0.0383701648,0.040739412398889));
#699=CARTESIAN_POINT('',(0.13186320616332,0.0383034981333333,0.040739412398889));
#700=CARTESIAN_POINT('',(0.131131988381217,0.0382368314666666,0.0394729060488891));
#701=CARTESIAN_POINT('',(0.130400770599114,0.0381701648,0.038206399698889));
#702=CARTESIAN_POINT('',(0.131131988381217,0.0381034981333334,0.0369398933488891));
#703=CARTESIAN_POINT('',(0.13186320616332,0.0380368314666667,0.035673386998889));
#704=CARTESIAN_POINT('',(0.133325641727526,0.0379701648,0.035673386998889));
#705=CARTESIAN_POINT('',(0.134788077291732,0.0379034981333333,0.035673386998889));
#706=CARTESIAN_POINT('',(0.135519295073834,0.0378368314666667,0.0369398933488891));
#707=CARTESIAN_POINT('',(0.136250512855937,0.0377701648,0.038206399698889));
#708=CARTESIAN_POINT('',(0.135519295073834,0.0377034981333334,0.0394729060488891));
#709=CARTESIAN_POINT('',(0.134788077291732,0.0376368314666666,0.040739412398889));
#710=CARTESIAN_POINT('',(0.133325641727526,0.0375701648,0.040739412398889));
#711=CARTESIAN_POINT('',(0.13186320616332,0.0375034981333333,0.040739412398889));
#712=CARTESIAN_POINT('',(0.131131988381217,0.0374368314666667,0.0394729060488891));
#713=CARTESIAN_POINT('',(0.130400770599114,0.0373701648,0.038206399698889));
#714=CARTESIAN_POINT('',(0.131131988381217,0.0373034981333333,0.0369398933488891));
#715=CARTESIAN_POINT('',(0.13186320616332,0.0372368314666667,0.035673386998889));
#716=CARTESIAN_POINT('',(0.133325641727526,0.0371701648,0.035673386998889));
#717=CARTESIAN_POINT('',(0.134788077291732,0.0371034981333333,0.035673386998889));
#718=CARTESIAN_POINT('',(0.135519295073834,0.0370368314666666,0.0369398933488891));
#719=CARTESIAN_POINT('',(0.136250512855937,0.0369701648,0.038206399698889));
#720=CARTESIAN_POINT('',(0.135519295073834,0.0369034981333334,0.0394729060488891));
#721=CARTESIAN_POINT('',(0.134788077291732,0.0368368314666666,0.040739412398889));
#722=CARTESIAN_POINT('',(0.133325641727526,0.0367701648,0.040739412398889));
#723=CARTESIAN_POINT('',(0.13186320616332,0.0367034981333333,0.040739412398889));
#724=CARTESIAN_POINT('',(0.131131988381217,0.0366368314666667,0.0394729060488891));
#725=CARTESIAN_POINT('',(0.130400770599114,0.0365701648,0.038206399698889));
#726=CARTESIAN_POINT('',(0.131131988381217,0.0365034981333333,0.0369398933488891));
#727=CARTESIAN_POINT('',(0.13186320616332,0.0364368314666667,0.035673386998889));
#728=CARTESIAN_POINT('',(0.133325641727526,0.0363701648,0.035673386998889));
#729=CARTESIAN_POINT('',(0.134788077291732,0.0363034981333333,0.035673386998889));
#730=CARTESIAN_POINT('',(0.135519295073834,0.0362368314666667,0.0369398933488891));
#731=CARTESIAN_POINT('',(0.136250512855937,0.0361701648,0.038206399698889));
#732=CARTESIAN_POINT('',(0.135519295073834,0.0361034981333333,0.0394729060488891));
#733=CARTESIAN_POINT('',(0.134788077291732,0.0360368314666666,0.040739412398889));
#734=CARTESIAN_POINT('',(0.133325641727526,0.0359701648,0.040739412398889));
#735=CARTESIAN_POINT('',(0.13186320616332,0.0359034981333333,0.040739412398889));
#736=CARTESIAN_POINT('',(0.131131988381217,0.0358368314666666,0.0394729060488891));
#737=CARTESIAN_POINT('',(0.130400770599114,0.0357701648,0.038206399698889));
#738=CARTESIAN_POINT('',(0.131131988381217,0.0357034981333334,0.0369398933488891));
#739=CARTESIAN_POINT('',(0.13186320616332,0.0356368314666667,0.035673386998889));
#740=CARTESIAN_POINT('',(0.133325641727526,0.0355701648,0.035673386998889));
#741=CARTESIAN_POINT('',(0.134788077291732,0.0355034981333333,0.035673386998889));
#742=CARTESIAN_POINT('',(0.135519295073834,0.0354368314666667,0.0369398933488891));
#743=CARTESIAN_POINT('',(0.136250512855937,0.0353701648,0.038206399698889));
#744=CARTESIAN_POINT('',(0.135519295073834,0.0353034981333333,0.0394729060488891));
#745=CARTESIAN_POINT('',(0.134788077291732,0.0352368314666666,0.040739412398889));
#746=CARTESIAN_POINT('',(0.133325641727526,0.0351701648,0.040739412398889));
#747=CARTESIAN_POINT('',(0.13186320616332,0.0351034981333333,0.040739412398889));
#748=CARTESIAN_POINT('',(0.131131988381217,0.0350368314666667,0.0394729060488891));
#749=CARTESIAN_POINT('',(0.130400770599114,0.0349701648,0.038206399698889));
#750=CARTESIAN_POINT('',(0.131131988381217,0.0349034981333333,0.0369398933488891));
#751=CARTESIAN_POINT('',(0.13186320616332,0.0348368314666667,0.035673386998889));
#752=CARTESIAN_POINT('',(0.133325641727526,0.0347701648,0.035673386998889));
#753=CARTESIAN_POINT('',(0.134788077291732,0.0347034981333333,0.035673386998889));
#754=CARTESIAN_POINT('',(0.135519295073834,0.0346368314666666,0.0369398933488891));
#755=CARTESIAN_POINT('',(0.136250512855937,0.0345701648,0.038206399698889));
#756=CARTESIAN_POINT('',(0.135519295073834,0.0345034981333334,0.0394729060488891));
#757=CARTESIAN_POINT('',(0.134788077291732,0.0344368314666666,0.040739412398889));
#758=CARTESIAN_POINT('',(0.133325641727526,0.0343701648,0.040739412398889));
#759=CARTESIAN_POINT('',(0.13186320616332,0.0343034981333333,0.040739412398889));
#760=CARTESIAN_POINT('',(0.131131988381217,0.0342368314666667,0.0394729060488891));
#761=CARTESIAN_POINT('',(0.130614789936394,0.0341896773941516,0.0385770920648599));
#762=CARTESIAN_POINT('',(0.130872504233478,0.0341369455331772,0.0375753135132885));
#763=CARTESIAN_POINT('',(0.135029694199702,0.0396987606745154,0.0369791241910794));
#764=CARTESIAN_POINT('',(0.135091455215234,0.039692642344292,0.0370648783762894));
#765=CARTESIAN_POINT('',(0.135144295075473,0.0396868314666666,0.0371563996988891));
#766=CARTESIAN_POINT('',(0.135750512858122,0.0396201648,0.038206399698889));
#767=CARTESIAN_POINT('',(0.135144295075473,0.0395534981333334,0.039256399698889));
#768=CARTESIAN_POINT('',(0.134538077292824,0.0394868314666667,0.040306399698889));
#769=CARTESIAN_POINT('',(0.133325641727526,0.0394201648,0.0403063996988891));
#770=CARTESIAN_POINT('',(0.132113206162228,0.0393534981333333,0.040306399698889));
#771=CARTESIAN_POINT('',(0.131506988379578,0.0392868314666667,0.039256399698889));
#772=CARTESIAN_POINT('',(0.130900770596929,0.0392201648,0.038206399698889));
#773=CARTESIAN_POINT('',(0.131506988379578,0.0391534981333334,0.0371563996988891));
#774=CARTESIAN_POINT('',(0.132113206162228,0.0390868314666667,0.036106399698889));
#775=CARTESIAN_POINT('',(0.133325641727526,0.0390201648,0.036106399698889));
#776=CARTESIAN_POINT('',(0.134538077292824,0.0389534981333334,0.036106399698889));
#777=CARTESIAN_POINT('',(0.135144295075473,0.0388868314666667,0.0371563996988891));
#778=CARTESIAN_POINT('',(0.135750512858122,0.0388201648,0.038206399698889));
#779=CARTESIAN_POINT('',(0.135144295075473,0.0387534981333333,0.039256399698889));
#780=CARTESIAN_POINT('',(0.134538077292824,0.0386868314666667,0.040306399698889));
#781=CARTESIAN_POINT('',(0.133325641727526,0.0386201648,0.0403063996988891));
#782=CARTESIAN_POINT('',(0.132113206162228,0.0385534981333333,0.040306399698889));
#783=CARTESIAN_POINT('',(0.131506988379578,0.0384868314666666,0.039256399698889));
#784=CARTESIAN_POINT('',(0.130900770596929,0.0384201648,0.038206399698889));
#785=CARTESIAN_POINT('',(0.131506988379578,0.0383534981333334,0.0371563996988891));
#786=CARTESIAN_POINT('',(0.132113206162228,0.0382868314666667,0.036106399698889));
#787=CARTESIAN_POINT('',(0.133325641727526,0.0382201648,0.036106399698889));
#788=CARTESIAN_POINT('',(0.134538077292824,0.0381534981333334,0.036106399698889));
#789=CARTESIAN_POINT('',(0.135144295075473,0.0380868314666667,0.0371563996988891));
#790=CARTESIAN_POINT('',(0.135750512858122,0.0380201648,0.038206399698889));
#791=CARTESIAN_POINT('',(0.135144295075473,0.0379534981333333,0.039256399698889));
#792=CARTESIAN_POINT('',(0.134538077292824,0.0378868314666667,0.040306399698889));
#793=CARTESIAN_POINT('',(0.133325641727526,0.0378201648,0.0403063996988891));
#794=CARTESIAN_POINT('',(0.132113206162228,0.0377534981333333,0.040306399698889));
#795=CARTESIAN_POINT('',(0.131506988379578,0.0376868314666667,0.039256399698889));
#796=CARTESIAN_POINT('',(0.130900770596929,0.0376201648,0.038206399698889));
#797=CARTESIAN_POINT('',(0.131506988379578,0.0375534981333333,0.0371563996988891));
#798=CARTESIAN_POINT('',(0.132113206162228,0.0374868314666666,0.036106399698889));
#799=CARTESIAN_POINT('',(0.133325641727526,0.0374201648,0.036106399698889));
#800=CARTESIAN_POINT('',(0.134538077292824,0.0373534981333334,0.036106399698889));
#801=CARTESIAN_POINT('',(0.135144295075473,0.0372868314666666,0.0371563996988891));
#802=CARTESIAN_POINT('',(0.135750512858122,0.0372201648,0.038206399698889));
#803=CARTESIAN_POINT('',(0.135144295075473,0.0371534981333334,0.039256399698889));
#804=CARTESIAN_POINT('',(0.134538077292824,0.0370868314666667,0.040306399698889));
#805=CARTESIAN_POINT('',(0.133325641727526,0.0370201648,0.0403063996988891));
#806=CARTESIAN_POINT('',(0.132113206162228,0.0369534981333333,0.040306399698889));
#807=CARTESIAN_POINT('',(0.131506988379578,0.0368868314666667,0.039256399698889));
#808=CARTESIAN_POINT('',(0.130900770596929,0.0368201648,0.038206399698889));
#809=CARTESIAN_POINT('',(0.131506988379578,0.0367534981333333,0.0371563996988891));
#810=CARTESIAN_POINT('',(0.132113206162228,0.0366868314666667,0.036106399698889));
#811=CARTESIAN_POINT('',(0.133325641727526,0.0366201648,0.036106399698889));
#812=CARTESIAN_POINT('',(0.134538077292824,0.0365534981333333,0.036106399698889));
#813=CARTESIAN_POINT('',(0.135144295075473,0.0364868314666667,0.0371563996988891));
#814=CARTESIAN_POINT('',(0.135750512858122,0.0364201648,0.038206399698889));
#815=CARTESIAN_POINT('',(0.135144295075473,0.0363534981333333,0.039256399698889));
#816=CARTESIAN_POINT('',(0.134538077292824,0.0362868314666667,0.040306399698889));
#817=CARTESIAN_POINT('',(0.133325641727526,0.0362201648,0.0403063996988891));
#818=CARTESIAN_POINT('',(0.132113206162228,0.0361534981333333,0.040306399698889));
#819=CARTESIAN_POINT('',(0.131506988379578,0.0360868314666666,0.039256399698889));
#820=CARTESIAN_POINT('',(0.130900770596929,0.0360201648,0.038206399698889));
#821=CARTESIAN_POINT('',(0.131506988379578,0.0359534981333334,0.0371563996988891));
#822=CARTESIAN_POINT('',(0.132113206162228,0.0358868314666667,0.036106399698889));
#823=CARTESIAN_POINT('',(0.133325641727526,0.0358201648,0.036106399698889));
#824=CARTESIAN_POINT('',(0.134538077292824,0.0357534981333334,0.036106399698889));
#825=CARTESIAN_POINT('',(0.135144295075473,0.0356868314666667,0.0371563996988891));
#826=CARTESIAN_POINT('',(0.135750512858122,0.0356201648,0.038206399698889));
#827=CARTESIAN_POINT('',(0.135144295075473,0.0355534981333333,0.039256399698889));
#828=CARTESIAN_POINT('',(0.134538077292824,0.0354868314666667,0.040306399698889));
#829=CARTESIAN_POINT('',(0.133325641727526,0.0354201648,0.0403063996988891));
#830=CARTESIAN_POINT('',(0.132113206162228,0.0353534981333333,0.040306399698889));
#831=CARTESIAN_POINT('',(0.131506988379578,0.0352868314666667,0.039256399698889));
#832=CARTESIAN_POINT('',(0.130900770596929,0.0352201648,0.038206399698889));
#833=CARTESIAN_POINT('',(0.131506988379578,0.0351534981333333,0.0371563996988891));
#834=CARTESIAN_POINT('',(0.132113206162228,0.0350868314666667,0.036106399698889));
#835=CARTESIAN_POINT('',(0.133325641727526,0.0350201648,0.036106399698889));
#836=CARTESIAN_POINT('',(0.134538077292824,0.0349534981333334,0.036106399698889));
#837=CARTESIAN_POINT('',(0.135144295075473,0.0348868314666666,0.0371563996988891));
#838=CARTESIAN_POINT('',(0.135750512858122,0.0348201648,0.038206399698889));
#839=CARTESIAN_POINT('',(0.135144295075473,0.0347534981333334,0.039256399698889));
#840=CARTESIAN_POINT('',(0.134538077292824,0.0346868314666667,0.040306399698889));
#841=CARTESIAN_POINT('',(0.133325641727526,0.0346201648,0.0403063996988891));
#842=CARTESIAN_POINT('',(0.132113206162228,0.0345534981333333,0.040306399698889));
#843=CARTESIAN_POINT('',(0.131506988379578,0.0344868314666667,0.039256399698889));
#844=CARTESIAN_POINT('',(0.131078203820335,0.0344396773941517,0.0385137230567778));
#845=CARTESIAN_POINT('',(0.13129186245058,0.0343869455331773,0.0376831962464306));
#846=CARTESIAN_POINT('',(0.133325641727526,0.0407701648,0.040739412398889));
#847=CARTESIAN_POINT('',(0.13186320616332,0.0407034981333333,0.040739412398889));
#848=CARTESIAN_POINT('',(0.131131988381217,0.0406368314666666,0.0394729060488891));
#849=CARTESIAN_POINT('',(0.130400770599114,0.0405701648,0.038206399698889));
#850=CARTESIAN_POINT('',(0.131131988381217,0.0405034981333334,0.0369398933488891));
#851=CARTESIAN_POINT('',(0.13186320616332,0.0404368314666667,0.035673386998889));
#852=CARTESIAN_POINT('',(0.133325641727526,0.0403701648,0.035673386998889));
#853=CARTESIAN_POINT('',(0.134788077291732,0.0403034981333334,0.035673386998889));
#854=CARTESIAN_POINT('',(0.135519295073834,0.0402368314666667,0.0369398933488891));
#855=CARTESIAN_POINT('',(0.136250512855937,0.0401701648,0.038206399698889));
#856=CARTESIAN_POINT('',(0.135519295073834,0.0401034981333334,0.0394729060488891));
#857=CARTESIAN_POINT('',(0.134788077291732,0.0400368314666666,0.040739412398889));
#858=CARTESIAN_POINT('',(0.133325641727526,0.0399701648,0.040739412398889));
#859=CARTESIAN_POINT('',(0.13186320616332,0.0399034981333333,0.040739412398889));
#860=CARTESIAN_POINT('',(0.131131988381217,0.0398368314666667,0.0394729060488891));
#861=CARTESIAN_POINT('',(0.130400770599114,0.0397701648,0.038206399698889));
#862=CARTESIAN_POINT('',(0.131131988381217,0.0397034981333333,0.0369398933488891));
#863=CARTESIAN_POINT('',(0.13186320616332,0.0396368314666667,0.035673386998889));
#864=CARTESIAN_POINT('',(0.133325641727526,0.0395701648,0.035673386998889));
#865=CARTESIAN_POINT('',(0.134788077291732,0.0395034981333334,0.035673386998889));
#866=CARTESIAN_POINT('',(0.135519295073834,0.0394368314666666,0.0369398933488891));
#867=CARTESIAN_POINT('',(0.136250512855937,0.0393701648,0.038206399698889));
#868=CARTESIAN_POINT('',(0.135519295073834,0.0393034981333334,0.0394729060488891));
#869=CARTESIAN_POINT('',(0.134788077291732,0.0392368314666667,0.040739412398889));
#870=CARTESIAN_POINT('',(0.133325641727526,0.0391701648,0.040739412398889));
#871=CARTESIAN_POINT('',(0.13186320616332,0.0391034981333333,0.040739412398889));
#872=CARTESIAN_POINT('',(0.131131988381217,0.0390368314666667,0.0394729060488891));
#873=CARTESIAN_POINT('',(0.130400770599114,0.0389701648,0.038206399698889));
#874=CARTESIAN_POINT('',(0.131131988381217,0.0389034981333334,0.0369398933488891));
#875=CARTESIAN_POINT('',(0.13186320616332,0.0388368314666667,0.035673386998889));
#876=CARTESIAN_POINT('',(0.133325641727526,0.0387701648,0.035673386998889));
#877=CARTESIAN_POINT('',(0.134788077291732,0.0387034981333334,0.035673386998889));
#878=CARTESIAN_POINT('',(0.135519295073834,0.0386368314666667,0.0369398933488891));
#879=CARTESIAN_POINT('',(0.136250512855937,0.0385701648,0.038206399698889));
#880=CARTESIAN_POINT('',(0.135519295073834,0.0385034981333333,0.0394729060488891));
#881=CARTESIAN_POINT('',(0.134788077291732,0.0384368314666666,0.040739412398889));
#882=CARTESIAN_POINT('',(0.133325641727526,0.0383701648,0.040739412398889));
#883=CARTESIAN_POINT('',(0.13186320616332,0.0383034981333333,0.040739412398889));
#884=CARTESIAN_POINT('',(0.131131988381217,0.0382368314666666,0.0394729060488891));
#885=CARTESIAN_POINT('',(0.130400770599114,0.0381701648,0.038206399698889));
#886=CARTESIAN_POINT('',(0.131131988381217,0.0381034981333334,0.0369398933488891));
#887=CARTESIAN_POINT('',(0.13186320616332,0.0380368314666667,0.0356733869988891));
#888=CARTESIAN_POINT('',(0.133325641727526,0.0379701648,0.035673386998889));
#889=CARTESIAN_POINT('',(0.134788077291732,0.0379034981333333,0.035673386998889));
#890=CARTESIAN_POINT('',(0.135519295073834,0.0378368314666667,0.0369398933488891));
#891=CARTESIAN_POINT('',(0.136250512855937,0.0377701648,0.038206399698889));
#892=CARTESIAN_POINT('',(0.135519295073834,0.0377034981333334,0.0394729060488891));
#893=CARTESIAN_POINT('',(0.134788077291732,0.0376368314666666,0.040739412398889));
#894=CARTESIAN_POINT('',(0.133325641727526,0.0375701648,0.040739412398889));
#895=CARTESIAN_POINT('',(0.13186320616332,0.0375034981333333,0.040739412398889));
#896=CARTESIAN_POINT('',(0.131131988381217,0.0374368314666667,0.0394729060488891));
#897=CARTESIAN_POINT('',(0.130400770599114,0.0373701648,0.038206399698889));
#898=CARTESIAN_POINT('',(0.131131988381217,0.0373034981333333,0.0369398933488891));
#899=CARTESIAN_POINT('',(0.13186320616332,0.0372368314666667,0.0356733869988891));
#900=CARTESIAN_POINT('',(0.133325641727526,0.0371701648,0.035673386998889));
#901=CARTESIAN_POINT('',(0.134788077291732,0.0371034981333333,0.035673386998889));
#902=CARTESIAN_POINT('',(0.135519295073834,0.0370368314666666,0.0369398933488891));
#903=CARTESIAN_POINT('',(0.136250512855937,0.0369701648,0.038206399698889));
#904=CARTESIAN_POINT('',(0.135519295073834,0.0369034981333334,0.0394729060488891));
#905=CARTESIAN_POINT('',(0.134788077291732,0.0368368314666666,0.040739412398889));
#906=CARTESIAN_POINT('',(0.133325641727526,0.0367701648,0.040739412398889));
#907=CARTESIAN_POINT('',(0.13186320616332,0.0367034981333333,0.040739412398889));
#908=CARTESIAN_POINT('',(0.131131988381217,0.0366368314666667,0.0394729060488891));
#909=CARTESIAN_POINT('',(0.130400770599114,0.0365701648,0.038206399698889));
#910=CARTESIAN_POINT('',(0.131131988381217,0.0365034981333333,0.0369398933488891));
#911=CARTESIAN_POINT('',(0.13186320616332,0.0364368314666667,0.035673386998889));
#912=CARTESIAN_POINT('',(0.133325641727526,0.0363701648,0.035673386998889));
#913=CARTESIAN_POINT('',(0.134788077291732,0.0363034981333333,0.035673386998889));
#914=CARTESIAN_POINT('',(0.135519295073834,0.0362368314666667,0.036939893348889));
#915=CARTESIAN_POINT('',(0.136250512855937,0.0361701648,0.038206399698889));
#916=CARTESIAN_POINT('',(0.135519295073834,0.0361034981333333,0.039472906048889));
#917=CARTESIAN_POINT('',(0.134788077291732,0.0360368314666666,0.040739412398889));
#918=CARTESIAN_POINT('',(0.133325641727526,0.0359701648,0.040739412398889));
#919=CARTESIAN_POINT('',(0.13186320616332,0.0359034981333333,0.040739412398889));
#920=CARTESIAN_POINT('',(0.131131988381217,0.0358368314666666,0.0394729060488891));
#921=CARTESIAN_POINT('',(0.130400770599114,0.0357701648,0.038206399698889));
#922=CARTESIAN_POINT('',(0.131131988381217,0.0357034981333334,0.0369398933488891));
#923=CARTESIAN_POINT('',(0.13186320616332,0.0356368314666667,0.035673386998889));
#924=CARTESIAN_POINT('',(0.133325641727526,0.0355701648,0.035673386998889));
#925=CARTESIAN_POINT('',(0.134788077291732,0.0355034981333333,0.035673386998889));
#926=CARTESIAN_POINT('',(0.135519295073834,0.0354368314666667,0.036939893348889));
#927=CARTESIAN_POINT('',(0.136250512855937,0.0353701648,0.038206399698889));
#928=CARTESIAN_POINT('',(0.135519295073834,0.0353034981333333,0.039472906048889));
#929=CARTESIAN_POINT('',(0.134788077291732,0.0352368314666666,0.040739412398889));
#930=CARTESIAN_POINT('',(0.133325641727526,0.0351701648,0.040739412398889));
#931=CARTESIAN_POINT('',(0.13186320616332,0.0351034981333333,0.040739412398889));
#932=CARTESIAN_POINT('',(0.131131988381217,0.0350368314666667,0.0394729060488891));
#933=CARTESIAN_POINT('',(0.130400770599114,0.0349701648,0.038206399698889));
#934=CARTESIAN_POINT('',(0.131131988381217,0.0349034981333333,0.0369398933488891));
#935=CARTESIAN_POINT('',(0.13186320616332,0.0348368314666667,0.0356733869988891));
#936=CARTESIAN_POINT('',(0.133325641727526,0.0347701648,0.035673386998889));
#937=CARTESIAN_POINT('',(0.134788077291732,0.0347034981333333,0.035673386998889));
#938=CARTESIAN_POINT('',(0.135519295073834,0.0346368314666666,0.036939893348889));
#939=CARTESIAN_POINT('',(0.136250512855937,0.0345701648,0.038206399698889));
#940=CARTESIAN_POINT('',(0.135519295073834,0.0345034981333334,0.039472906048889));
#941=CARTESIAN_POINT('',(0.134788077291732,0.0344368314666666,0.040739412398889));
#942=CARTESIAN_POINT('',(0.133325641727526,0.0343701648,0.040739412398889));
#943=CARTESIAN_POINT('',(0.13186320616332,0.0343034981333333,0.040739412398889));
#944=CARTESIAN_POINT('',(0.131131988381217,0.0342368314666667,0.0394729060488891));
#945=CARTESIAN_POINT('',(0.130400770599114,0.0341701648,0.038206399698889));
#946=CARTESIAN_POINT('',(0.131131988381217,0.0341034981333333,0.0369398933488891));
#947=CARTESIAN_POINT('',(0.13186320616332,0.0340368314666667,0.0356733869988891));
#948=CARTESIAN_POINT('',(0.133325641727526,0.0339701648,0.035673386998889));
#949=CARTESIAN_POINT('',(0.134788077291732,0.0339034981333333,0.035673386998889));
#950=CARTESIAN_POINT('',(0.135519295073834,0.0338368314666667,0.036939893348889));
#951=CARTESIAN_POINT('',(0.136250512855937,0.0337701648,0.038206399698889));
#952=CARTESIAN_POINT('',(0.135519295073834,0.0337034981333333,0.039472906048889));
#953=CARTESIAN_POINT('',(0.134788077291732,0.0336368314666666,0.040739412398889));
#954=CARTESIAN_POINT('',(0.133325641727526,0.0335701648,0.040739412398889));
#955=CARTESIAN_POINT('',(0.13186320616332,0.0335034981333333,0.040739412398889));
#956=CARTESIAN_POINT('',(0.131131988381217,0.0334368314666666,0.0394729060488891));
#957=CARTESIAN_POINT('',(0.130400770599114,0.0333701648,0.038206399698889));
#958=CARTESIAN_POINT('',(0.131131988381217,0.0333034981333334,0.0369398933488891));
#959=CARTESIAN_POINT('',(0.13186320616332,0.0332368314666667,0.0356733869988891));
#960=CARTESIAN_POINT('',(0.133325641727526,0.0331701648,0.035673386998889));
#961=CARTESIAN_POINT('',(0.134788077291732,0.0331034981333333,0.035673386998889));
#962=CARTESIAN_POINT('',(0.135519295073834,0.0330368314666667,0.036939893348889));
#963=CARTESIAN_POINT('',(0.136250512855937,0.0329701648,0.038206399698889));
#964=CARTESIAN_POINT('',(0.135519295073834,0.0329034981333333,0.039472906048889));
#965=CARTESIAN_POINT('',(0.134788077291732,0.0328368314666666,0.040739412398889));
#966=CARTESIAN_POINT('',(0.133325641727526,0.0327701648,0.040739412398889));
#967=CARTESIAN_POINT('',(0.133325641727526,0.0410201648,0.0403063996988891));
#968=CARTESIAN_POINT('',(0.132113206162228,0.0409534981333333,0.040306399698889));
#969=CARTESIAN_POINT('',(0.131506988379578,0.0408868314666666,0.039256399698889));
#970=CARTESIAN_POINT('',(0.130900770596929,0.0408201648,0.038206399698889));
#971=CARTESIAN_POINT('',(0.131506988379578,0.0407534981333334,0.0371563996988891));
#972=CARTESIAN_POINT('',(0.132113206162228,0.0406868314666666,0.036106399698889));
#973=CARTESIAN_POINT('',(0.133325641727526,0.0406201648,0.036106399698889));
#974=CARTESIAN_POINT('',(0.134538077292824,0.0405534981333333,0.036106399698889));
#975=CARTESIAN_POINT('',(0.135144295075473,0.0404868314666667,0.0371563996988891));
#976=CARTESIAN_POINT('',(0.135750512858122,0.0404201648,0.038206399698889));
#977=CARTESIAN_POINT('',(0.135144295075473,0.0403534981333334,0.039256399698889));
#978=CARTESIAN_POINT('',(0.134538077292824,0.0402868314666667,0.040306399698889));
#979=CARTESIAN_POINT('',(0.133325641727526,0.0402201648,0.0403063996988891));
#980=CARTESIAN_POINT('',(0.132113206162228,0.0401534981333333,0.040306399698889));
#981=CARTESIAN_POINT('',(0.131506988379578,0.0400868314666667,0.039256399698889));
#982=CARTESIAN_POINT('',(0.130900770596929,0.0400201648,0.038206399698889));
#983=CARTESIAN_POINT('',(0.131506988379578,0.0399534981333333,0.0371563996988891));
#984=CARTESIAN_POINT('',(0.132113206162228,0.0398868314666666,0.036106399698889));
#985=CARTESIAN_POINT('',(0.133325641727526,0.0398201648,0.036106399698889));
#986=CARTESIAN_POINT('',(0.134538077292824,0.0397534981333333,0.036106399698889));
#987=CARTESIAN_POINT('',(0.135144295075473,0.0396868314666666,0.0371563996988891));
#988=CARTESIAN_POINT('',(0.135750512858122,0.0396201648,0.038206399698889));
#989=CARTESIAN_POINT('',(0.135144295075473,0.0395534981333334,0.039256399698889));
#990=CARTESIAN_POINT('',(0.134538077292824,0.0394868314666667,0.040306399698889));
#991=CARTESIAN_POINT('',(0.133325641727526,0.0394201648,0.0403063996988891));
#992=CARTESIAN_POINT('',(0.132113206162228,0.0393534981333333,0.040306399698889));
#993=CARTESIAN_POINT('',(0.131506988379578,0.0392868314666667,0.039256399698889));
#994=CARTESIAN_POINT('',(0.130900770596929,0.0392201648,0.038206399698889));
#995=CARTESIAN_POINT('',(0.131506988379578,0.0391534981333334,0.0371563996988891));
#996=CARTESIAN_POINT('',(0.132113206162228,0.0390868314666667,0.036106399698889));
#997=CARTESIAN_POINT('',(0.133325641727526,0.0390201648,0.036106399698889));
#998=CARTESIAN_POINT('',(0.134538077292824,0.0389534981333334,0.036106399698889));
#999=CARTESIAN_POINT('',(0.135144295075473,0.0388868314666667,0.0371563996988891));
#1000=CARTESIAN_POINT('',(0.135750512858122,0.0388201648,0.038206399698889));
#1001=CARTESIAN_POINT('',(0.135144295075473,0.0387534981333333,0.039256399698889));
#1002=CARTESIAN_POINT('',(0.134538077292824,0.0386868314666667,0.040306399698889));
#1003=CARTESIAN_POINT('',(0.133325641727526,0.0386201648,0.0403063996988891));
#1004=CARTESIAN_POINT('',(0.132113206162228,0.0385534981333333,0.040306399698889));
#1005=CARTESIAN_POINT('',(0.131506988379578,0.0384868314666666,0.039256399698889));
#1006=CARTESIAN_POINT('',(0.130900770596929,0.0384201648,0.038206399698889));
#1007=CARTESIAN_POINT('',(0.131506988379578,0.0383534981333334,0.0371563996988891));
#1008=CARTESIAN_POINT('',(0.132113206162228,0.0382868314666667,0.036106399698889));
#1009=CARTESIAN_POINT('',(0.133325641727526,0.0382201648,0.036106399698889));
#1010=CARTESIAN_POINT('',(0.134538077292824,0.0381534981333334,0.036106399698889));
#1011=CARTESIAN_POINT('',(0.135144295075473,0.0380868314666667,0.0371563996988891));
#1012=CARTESIAN_POINT('',(0.135750512858122,0.0380201648,0.038206399698889));
#1013=CARTESIAN_POINT('',(0.135144295075473,0.0379534981333333,0.039256399698889));
#1014=CARTESIAN_POINT('',(0.134538077292824,0.0378868314666667,0.040306399698889));
#1015=CARTESIAN_POINT('',(0.133325641727526,0.0378201648,0.0403063996988891));
#1016=CARTESIAN_POINT('',(0.132113206162228,0.0377534981333333,0.040306399698889));
#1017=CARTESIAN_POINT('',(0.131506988379578,0.0376868314666667,0.039256399698889));
#1018=CARTESIAN_POINT('',(0.130900770596929,0.0376201648,0.038206399698889));
#1019=CARTESIAN_POINT('',(0.131506988379578,0.0375534981333333,0.0371563996988891));
#1020=CARTESIAN_POINT('',(0.132113206162228,0.0374868314666666,0.036106399698889));
#1021=CARTESIAN_POINT('',(0.133325641727526,0.0374201648,0.036106399698889));
#1022=CARTESIAN_POINT('',(0.134538077292824,0.0373534981333334,0.036106399698889));
#1023=CARTESIAN_POINT('',(0.135144295075473,0.0372868314666666,0.0371563996988891));
#1024=CARTESIAN_POINT('',(0.135750512858122,0.0372201648,0.038206399698889));
#1025=CARTESIAN_POINT('',(0.135144295075473,0.0371534981333334,0.039256399698889));
#1026=CARTESIAN_POINT('',(0.134538077292824,0.0370868314666667,0.040306399698889));
#1027=CARTESIAN_POINT('',(0.133325641727526,0.0370201648,0.0403063996988891));
#1028=CARTESIAN_POINT('',(0.132113206162228,0.0369534981333333,0.040306399698889));
#1029=CARTESIAN_POINT('',(0.131506988379578,0.0368868314666667,0.039256399698889));
#1030=CARTESIAN_POINT('',(0.130900770596929,0.0368201648,0.038206399698889));
#1031=CARTESIAN_POINT('',(0.131506988379578,0.0367534981333333,0.0371563996988891));
#1032=CARTESIAN_POINT('',(0.132113206162228,0.0366868314666667,0.036106399698889));
#1033=CARTESIAN_POINT('',(0.133325641727526,0.0366201648,0.036106399698889));
#1034=CARTESIAN_POINT('',(0.134538077292824,0.0365534981333333,0.036106399698889));
#1035=CARTESIAN_POINT('',(0.135144295075473,0.0364868314666667,0.037156399698889));
#1036=CARTESIAN_POINT('',(0.135750512858122,0.0364201648,0.038206399698889));
#1037=CARTESIAN_POINT('',(0.135144295075473,0.0363534981333333,0.039256399698889));
#1038=CARTESIAN_POINT('',(0.134538077292824,0.0362868314666667,0.040306399698889));
#1039=CARTESIAN_POINT('',(0.133325641727526,0.0362201648,0.0403063996988891));
#1040=CARTESIAN_POINT('',(0.132113206162228,0.0361534981333333,0.040306399698889));
#1041=CARTESIAN_POINT('',(0.131506988379578,0.0360868314666666,0.039256399698889));
#1042=CARTESIAN_POINT('',(0.130900770596929,0.0360201648,0.038206399698889));
#1043=CARTESIAN_POINT('',(0.131506988379578,0.0359534981333334,0.0371563996988891));
#1044=CARTESIAN_POINT('',(0.132113206162228,0.0358868314666667,0.036106399698889));
#1045=CARTESIAN_POINT('',(0.133325641727526,0.0358201648,0.036106399698889));
#1046=CARTESIAN_POINT('',(0.134538077292824,0.0357534981333334,0.036106399698889));
#1047=CARTESIAN_POINT('',(0.135144295075473,0.0356868314666667,0.037156399698889));
#1048=CARTESIAN_POINT('',(0.135750512858122,0.0356201648,0.038206399698889));
#1049=CARTESIAN_POINT('',(0.135144295075473,0.0355534981333333,0.039256399698889));
#1050=CARTESIAN_POINT('',(0.134538077292824,0.0354868314666667,0.040306399698889));
#1051=CARTESIAN_POINT('',(0.133325641727526,0.0354201648,0.0403063996988891));
#1052=CARTESIAN_POINT('',(0.132113206162228,0.0353534981333333,0.040306399698889));
#1053=CARTESIAN_POINT('',(0.131506988379578,0.0352868314666667,0.039256399698889));
#1054=CARTESIAN_POINT('',(0.130900770596929,0.0352201648,0.038206399698889));
#1055=CARTESIAN_POINT('',(0.131506988379578,0.0351534981333333,0.0371563996988891));
#1056=CARTESIAN_POINT('',(0.132113206162228,0.0350868314666667,0.036106399698889));
#1057=CARTESIAN_POINT('',(0.133325641727526,0.0350201648,0.036106399698889));
#1058=CARTESIAN_POINT('',(0.134538077292824,0.0349534981333334,0.036106399698889));
#1059=CARTESIAN_POINT('',(0.135144295075473,0.0348868314666666,0.037156399698889));
#1060=CARTESIAN_POINT('',(0.135750512858122,0.0348201648,0.038206399698889));
#1061=CARTESIAN_POINT('',(0.135144295075473,0.0347534981333334,0.039256399698889));
#1062=CARTESIAN_POINT('',(0.134538077292824,0.0346868314666667,0.040306399698889));
#1063=CARTESIAN_POINT('',(0.133325641727526,0.0346201648,0.0403063996988891));
#1064=CARTESIAN_POINT('',(0.132113206162228,0.0345534981333333,0.040306399698889));
#1065=CARTESIAN_POINT('',(0.131506988379578,0.0344868314666667,0.039256399698889));
#1066=CARTESIAN_POINT('',(0.130900770596929,0.0344201648,0.038206399698889));
#1067=CARTESIAN_POINT('',(0.131506988379578,0.0343534981333333,0.0371563996988891));
#1068=CARTESIAN_POINT('',(0.132113206162228,0.0342868314666667,0.036106399698889));
#1069=CARTESIAN_POINT('',(0.133325641727526,0.0342201648,0.036106399698889));
#1070=CARTESIAN_POINT('',(0.134538077292824,0.0341534981333334,0.036106399698889));
#1071=CARTESIAN_POINT('',(0.135144295075473,0.0340868314666667,0.037156399698889));
#1072=CARTESIAN_POINT('',(0.135750512858122,0.0340201648,0.038206399698889));
#1073=CARTESIAN_POINT('',(0.135144295075473,0.0339534981333333,0.039256399698889));
#1074=CARTESIAN_POINT('',(0.134538077292824,0.0338868314666667,0.040306399698889));
#1075=CARTESIAN_POINT('',(0.133325641727526,0.0338201648,0.0403063996988891));
#1076=CARTESIAN_POINT('',(0.132113206162228,0.0337534981333333,0.040306399698889));
#1077=CARTESIAN_POINT('',(0.131506988379578,0.0336868314666667,0.039256399698889));
#1078=CARTESIAN_POINT('',(0.130900770596929,0.0336201648,0.038206399698889));
#1079=CARTESIAN_POINT('',(0.131506988379578,0.0335534981333334,0.0371563996988891));
#1080=CARTESIAN_POINT('',(0.132113206162228,0.0334868314666667,0.036106399698889));
#1081=CARTESIAN_POINT('',(0.133325641727526,0.0334201648,0.036106399698889));
#1082=CARTESIAN_POINT('',(0.134538077292824,0.0333534981333333,0.036106399698889));
#1083=CARTESIAN_POINT('',(0.135144295075473,0.0332868314666667,0.037156399698889));
#1084=CARTESIAN_POINT('',(0.135750512858122,0.0332201648,0.038206399698889));
#1085=CARTESIAN_POINT('',(0.135144295075473,0.0331534981333333,0.039256399698889));
#1086=CARTESIAN_POINT('',(0.134538077292824,0.0330868314666667,0.040306399698889));
#1087=CARTESIAN_POINT('',(0.133325641727526,0.0330201648,0.0403063996988891));
#1088=CARTESIAN_POINT('',(0.13129186245058,0.0394533840668228,0.0387296031513478));
#1089=CARTESIAN_POINT('',(0.131078203820335,0.0394006522058483,0.0378990763410005));
#1090=CARTESIAN_POINT('',(0.131506988379578,0.0393534981333334,0.0371563996988891));
#1091=CARTESIAN_POINT('',(0.132113206162228,0.0392868314666667,0.036106399698889));
#1092=CARTESIAN_POINT('',(0.133325641727526,0.0392201648,0.036106399698889));
#1093=CARTESIAN_POINT('',(0.134538077292824,0.0391534981333333,0.036106399698889));
#1094=CARTESIAN_POINT('',(0.135144295075473,0.0390868314666667,0.0371563996988891));
#1095=CARTESIAN_POINT('',(0.135750512858122,0.0390201648,0.038206399698889));
#1096=CARTESIAN_POINT('',(0.135144295075473,0.0389534981333333,0.039256399698889));
#1097=CARTESIAN_POINT('',(0.134538077292824,0.0388868314666666,0.040306399698889));
#1098=CARTESIAN_POINT('',(0.133325641727526,0.0388201648,0.0403063996988891));
#1099=CARTESIAN_POINT('',(0.132113206162228,0.0387534981333333,0.040306399698889));
#1100=CARTESIAN_POINT('',(0.131506988379578,0.0386868314666667,0.039256399698889));
#1101=CARTESIAN_POINT('',(0.130900770596929,0.0386201648,0.038206399698889));
#1102=CARTESIAN_POINT('',(0.131506988379578,0.0385534981333333,0.0371563996988891));
#1103=CARTESIAN_POINT('',(0.132113206162228,0.0384868314666667,0.036106399698889));
#1104=CARTESIAN_POINT('',(0.133325641727526,0.0384201648,0.036106399698889));
#1105=CARTESIAN_POINT('',(0.134538077292824,0.0383534981333333,0.036106399698889));
#1106=CARTESIAN_POINT('',(0.135144295075473,0.0382868314666667,0.0371563996988891));
#1107=CARTESIAN_POINT('',(0.135750512858122,0.0382201648,0.038206399698889));
#1108=CARTESIAN_POINT('',(0.135144295075473,0.0381534981333334,0.039256399698889));
#1109=CARTESIAN_POINT('',(0.134538077292824,0.0380868314666666,0.040306399698889));
#1110=CARTESIAN_POINT('',(0.133325641727526,0.0380201648,0.0403063996988891));
#1111=CARTESIAN_POINT('',(0.132113206162228,0.0379534981333333,0.040306399698889));
#1112=CARTESIAN_POINT('',(0.131506988379578,0.0378868314666667,0.039256399698889));
#1113=CARTESIAN_POINT('',(0.130900770596929,0.0378201648,0.038206399698889));
#1114=CARTESIAN_POINT('',(0.131506988379578,0.0377534981333333,0.0371563996988891));
#1115=CARTESIAN_POINT('',(0.132113206162228,0.0376868314666667,0.036106399698889));
#1116=CARTESIAN_POINT('',(0.133325641727526,0.0376201648,0.036106399698889));
#1117=CARTESIAN_POINT('',(0.134538077292824,0.0375534981333333,0.036106399698889));
#1118=CARTESIAN_POINT('',(0.135144295075473,0.0374868314666666,0.0371563996988891));
#1119=CARTESIAN_POINT('',(0.135750512858122,0.0374201648,0.038206399698889));
#1120=CARTESIAN_POINT('',(0.135144295075473,0.0373534981333334,0.039256399698889));
#1121=CARTESIAN_POINT('',(0.134538077292824,0.0372868314666666,0.040306399698889));
#1122=CARTESIAN_POINT('',(0.133325641727526,0.0372201648,0.0403063996988891));
#1123=CARTESIAN_POINT('',(0.132113206162228,0.0371534981333333,0.040306399698889));
#1124=CARTESIAN_POINT('',(0.131506988379578,0.0370868314666667,0.039256399698889));
#1125=CARTESIAN_POINT('',(0.130900770596929,0.0370201648,0.038206399698889));
#1126=CARTESIAN_POINT('',(0.131506988379578,0.0369534981333334,0.0371563996988891));
#1127=CARTESIAN_POINT('',(0.132113206162228,0.0368868314666667,0.036106399698889));
#1128=CARTESIAN_POINT('',(0.133325641727526,0.0368201648,0.036106399698889));
#1129=CARTESIAN_POINT('',(0.134538077292824,0.0367534981333333,0.036106399698889));
#1130=CARTESIAN_POINT('',(0.135144295075473,0.0366868314666667,0.0371563996988891));
#1131=CARTESIAN_POINT('',(0.135750512858122,0.0366201648,0.038206399698889));
#1132=CARTESIAN_POINT('',(0.135144295075473,0.0365534981333333,0.039256399698889));
#1133=CARTESIAN_POINT('',(0.134538077292824,0.0364868314666666,0.040306399698889));
#1134=CARTESIAN_POINT('',(0.133325641727526,0.0364201648,0.0403063996988891));
#1135=CARTESIAN_POINT('',(0.132113206162228,0.0363534981333333,0.040306399698889));
#1136=CARTESIAN_POINT('',(0.131506988379578,0.0362868314666666,0.039256399698889));
#1137=CARTESIAN_POINT('',(0.130900770596929,0.0362201648,0.038206399698889));
#1138=CARTESIAN_POINT('',(0.131506988379578,0.0361534981333334,0.0371563996988891));
#1139=CARTESIAN_POINT('',(0.132113206162228,0.0360868314666667,0.036106399698889));
#1140=CARTESIAN_POINT('',(0.133325641727526,0.0360201648,0.036106399698889));
#1141=CARTESIAN_POINT('',(0.134538077292824,0.0359534981333333,0.036106399698889));
#1142=CARTESIAN_POINT('',(0.135144295075473,0.0358868314666667,0.0371563996988891));
#1143=CARTESIAN_POINT('',(0.135750512858122,0.0358201648,0.038206399698889));
#1144=CARTESIAN_POINT('',(0.135144295075473,0.0357534981333334,0.039256399698889));
#1145=CARTESIAN_POINT('',(0.134538077292824,0.0356868314666666,0.040306399698889));
#1146=CARTESIAN_POINT('',(0.133325641727526,0.0356201648,0.0403063996988891));
#1147=CARTESIAN_POINT('',(0.132113206162228,0.0355534981333333,0.040306399698889));
#1148=CARTESIAN_POINT('',(0.131506988379578,0.0354868314666667,0.039256399698889));
#1149=CARTESIAN_POINT('',(0.130900770596929,0.0354201648,0.038206399698889));
#1150=CARTESIAN_POINT('',(0.131506988379578,0.0353534981333333,0.0371563996988891));
#1151=CARTESIAN_POINT('',(0.132113206162228,0.0352868314666667,0.036106399698889));
#1152=CARTESIAN_POINT('',(0.133325641727526,0.0352201648,0.036106399698889));
#1153=CARTESIAN_POINT('',(0.134538077292824,0.0351534981333333,0.036106399698889));
#1154=CARTESIAN_POINT('',(0.135144295075473,0.0350868314666666,0.0371563996988891));
#1155=CARTESIAN_POINT('',(0.135750512858122,0.0350201648,0.038206399698889));
#1156=CARTESIAN_POINT('',(0.135144295075473,0.0349534981333334,0.039256399698889));
#1157=CARTESIAN_POINT('',(0.134538077292824,0.0348868314666666,0.040306399698889));
#1158=CARTESIAN_POINT('',(0.133325641727526,0.0348201648,0.0403063996988891));
#1159=CARTESIAN_POINT('',(0.132113206162228,0.0347534981333333,0.040306399698889));
#1160=CARTESIAN_POINT('',(0.131506988379578,0.0346868314666667,0.039256399698889));
#1161=CARTESIAN_POINT('',(0.130900770596929,0.0346201648,0.038206399698889));
#1162=CARTESIAN_POINT('',(0.131506988379578,0.0345534981333334,0.0371563996988891));
#1163=CARTESIAN_POINT('',(0.132113206162228,0.0344868314666667,0.036106399698889));
#1164=CARTESIAN_POINT('',(0.133325641727526,0.0344201648,0.036106399698889));
#1165=CARTESIAN_POINT('',(0.134538077292824,0.0343534981333333,0.036106399698889));
#1166=CARTESIAN_POINT('',(0.135144295075473,0.0342868314666667,0.0371563996988891));
#1167=CARTESIAN_POINT('',(0.135750512858122,0.0342201648,0.038206399698889));
#1168=CARTESIAN_POINT('',(0.135144295075473,0.0341534981333333,0.039256399698889));
#1169=CARTESIAN_POINT('',(0.135091455215234,0.034147687255708,0.0393479210214887));
#1170=CARTESIAN_POINT('',(0.135029694199702,0.0341415689254846,0.0394336752066987));
#1171=CARTESIAN_POINT('',(0.130872504233478,0.0397033840668228,0.0388374858844899));
#1172=CARTESIAN_POINT('',(0.130614789936394,0.0396506522058484,0.0378357073329184));
#1173=CARTESIAN_POINT('',(0.131131988381217,0.0396034981333334,0.0369398933488891));
#1174=CARTESIAN_POINT('',(0.13186320616332,0.0395368314666667,0.035673386998889));
#1175=CARTESIAN_POINT('',(0.133325641727526,0.0394701648,0.035673386998889));
#1176=CARTESIAN_POINT('',(0.134788077291732,0.0394034981333333,0.035673386998889));
#1177=CARTESIAN_POINT('',(0.135519295073834,0.0393368314666667,0.0369398933488891));
#1178=CARTESIAN_POINT('',(0.136250512855937,0.0392701648,0.038206399698889));
#1179=CARTESIAN_POINT('',(0.135519295073834,0.0392034981333333,0.0394729060488891));
#1180=CARTESIAN_POINT('',(0.134788077291732,0.0391368314666667,0.040739412398889));
#1181=CARTESIAN_POINT('',(0.133325641727526,0.0390701648,0.040739412398889));
#1182=CARTESIAN_POINT('',(0.13186320616332,0.0390034981333333,0.040739412398889));
#1183=CARTESIAN_POINT('',(0.131131988381217,0.0389368314666666,0.0394729060488891));
#1184=CARTESIAN_POINT('',(0.130400770599114,0.0388701648,0.038206399698889));
#1185=CARTESIAN_POINT('',(0.131131988381217,0.0388034981333334,0.0369398933488891));
#1186=CARTESIAN_POINT('',(0.13186320616332,0.0387368314666667,0.035673386998889));
#1187=CARTESIAN_POINT('',(0.133325641727526,0.0386701648,0.035673386998889));
#1188=CARTESIAN_POINT('',(0.134788077291732,0.0386034981333334,0.035673386998889));
#1189=CARTESIAN_POINT('',(0.135519295073834,0.0385368314666667,0.0369398933488891));
#1190=CARTESIAN_POINT('',(0.136250512855937,0.0384701648,0.038206399698889));
#1191=CARTESIAN_POINT('',(0.135519295073834,0.0384034981333334,0.0394729060488891));
#1192=CARTESIAN_POINT('',(0.134788077291732,0.0383368314666666,0.040739412398889));
#1193=CARTESIAN_POINT('',(0.133325641727526,0.0382701648,0.040739412398889));
#1194=CARTESIAN_POINT('',(0.13186320616332,0.0382034981333333,0.040739412398889));
#1195=CARTESIAN_POINT('',(0.131131988381217,0.0381368314666667,0.0394729060488891));
#1196=CARTESIAN_POINT('',(0.130400770599114,0.0380701648,0.038206399698889));
#1197=CARTESIAN_POINT('',(0.131131988381217,0.0380034981333333,0.0369398933488891));
#1198=CARTESIAN_POINT('',(0.13186320616332,0.0379368314666667,0.035673386998889));
#1199=CARTESIAN_POINT('',(0.133325641727526,0.0378701648,0.035673386998889));
#1200=CARTESIAN_POINT('',(0.134788077291732,0.0378034981333333,0.035673386998889));
#1201=CARTESIAN_POINT('',(0.135519295073834,0.0377368314666666,0.0369398933488891));
#1202=CARTESIAN_POINT('',(0.136250512855937,0.0376701648,0.038206399698889));
#1203=CARTESIAN_POINT('',(0.135519295073834,0.0376034981333334,0.0394729060488891));
#1204=CARTESIAN_POINT('',(0.134788077291732,0.0375368314666666,0.040739412398889));
#1205=CARTESIAN_POINT('',(0.133325641727526,0.0374701648,0.040739412398889));
#1206=CARTESIAN_POINT('',(0.13186320616332,0.0374034981333333,0.040739412398889));
#1207=CARTESIAN_POINT('',(0.131131988381217,0.0373368314666667,0.0394729060488891));
#1208=CARTESIAN_POINT('',(0.130400770599114,0.0372701648,0.038206399698889));
#1209=CARTESIAN_POINT('',(0.131131988381217,0.0372034981333334,0.0369398933488891));
#1210=CARTESIAN_POINT('',(0.13186320616332,0.0371368314666667,0.035673386998889));
#1211=CARTESIAN_POINT('',(0.133325641727526,0.0370701648,0.035673386998889));
#1212=CARTESIAN_POINT('',(0.134788077291732,0.0370034981333333,0.035673386998889));
#1213=CARTESIAN_POINT('',(0.135519295073834,0.0369368314666667,0.0369398933488891));
#1214=CARTESIAN_POINT('',(0.136250512855937,0.0368701648,0.038206399698889));
#1215=CARTESIAN_POINT('',(0.135519295073834,0.0368034981333333,0.0394729060488891));
#1216=CARTESIAN_POINT('',(0.134788077291732,0.0367368314666666,0.040739412398889));
#1217=CARTESIAN_POINT('',(0.133325641727526,0.0366701648,0.040739412398889));
#1218=CARTESIAN_POINT('',(0.13186320616332,0.0366034981333333,0.040739412398889));
#1219=CARTESIAN_POINT('',(0.131131988381217,0.0365368314666666,0.0394729060488891));
#1220=CARTESIAN_POINT('',(0.130400770599114,0.0364701648,0.038206399698889));
#1221=CARTESIAN_POINT('',(0.131131988381217,0.0364034981333334,0.0369398933488891));
#1222=CARTESIAN_POINT('',(0.13186320616332,0.0363368314666667,0.035673386998889));
#1223=CARTESIAN_POINT('',(0.133325641727526,0.0362701648,0.035673386998889));
#1224=CARTESIAN_POINT('',(0.134788077291732,0.0362034981333333,0.035673386998889));
#1225=CARTESIAN_POINT('',(0.135519295073834,0.0361368314666667,0.0369398933488891));
#1226=CARTESIAN_POINT('',(0.136250512855937,0.0360701648,0.038206399698889));
#1227=CARTESIAN_POINT('',(0.135519295073834,0.0360034981333334,0.0394729060488891));
#1228=CARTESIAN_POINT('',(0.134788077291732,0.0359368314666667,0.040739412398889));
#1229=CARTESIAN_POINT('',(0.133325641727526,0.0358701648,0.040739412398889));
#1230=CARTESIAN_POINT('',(0.13186320616332,0.0358034981333333,0.040739412398889));
#1231=CARTESIAN_POINT('',(0.131131988381217,0.0357368314666667,0.0394729060488891));
#1232=CARTESIAN_POINT('',(0.130400770599114,0.0356701648,0.038206399698889));
#1233=CARTESIAN_POINT('',(0.131131988381217,0.0356034981333333,0.0369398933488891));
#1234=CARTESIAN_POINT('',(0.13186320616332,0.0355368314666667,0.035673386998889));
#1235=CARTESIAN_POINT('',(0.133325641727526,0.0354701648,0.035673386998889));
#1236=CARTESIAN_POINT('',(0.134788077291732,0.0354034981333333,0.035673386998889));
#1237=CARTESIAN_POINT('',(0.135519295073834,0.0353368314666666,0.0369398933488891));
#1238=CARTESIAN_POINT('',(0.136250512855937,0.0352701648,0.038206399698889));
#1239=CARTESIAN_POINT('',(0.135519295073834,0.0352034981333334,0.0394729060488891));
#1240=CARTESIAN_POINT('',(0.134788077291732,0.0351368314666666,0.040739412398889));
#1241=CARTESIAN_POINT('',(0.133325641727526,0.0350701648,0.040739412398889));
#1242=CARTESIAN_POINT('',(0.13186320616332,0.0350034981333333,0.040739412398889));
#1243=CARTESIAN_POINT('',(0.131131988381217,0.0349368314666667,0.0394729060488891));
#1244=CARTESIAN_POINT('',(0.130400770599114,0.0348701648,0.038206399698889));
#1245=CARTESIAN_POINT('',(0.131131988381217,0.0348034981333333,0.0369398933488891));
#1246=CARTESIAN_POINT('',(0.13186320616332,0.0347368314666667,0.035673386998889));
#1247=CARTESIAN_POINT('',(0.133325641727526,0.0346701648,0.035673386998889));
#1248=CARTESIAN_POINT('',(0.134788077291732,0.0346034981333333,0.035673386998889));
#1249=CARTESIAN_POINT('',(0.135519295073834,0.0345368314666667,0.0369398933488891));
#1250=CARTESIAN_POINT('',(0.136250512855937,0.0344701648,0.038206399698889));
#1251=CARTESIAN_POINT('',(0.135519295073834,0.0344034981333333,0.0394729060488891));
#1252=CARTESIAN_POINT('',(0.135455559818095,0.034397687255708,0.0395832987500631));
#1253=CARTESIAN_POINT('',(0.135381063895854,0.0343915689254846,0.0396867351501656));
#1254=CARTESIAN_POINT('',(0.133325641727526,0.0406701648,0.040739412398889));
#1255=CARTESIAN_POINT('',(0.13186320616332,0.0406034981333333,0.040739412398889));
#1256=CARTESIAN_POINT('',(0.131131988381217,0.0405368314666667,0.0394729060488891));
#1257=CARTESIAN_POINT('',(0.130400770599114,0.0404701648,0.038206399698889));
#1258=CARTESIAN_POINT('',(0.131131988381217,0.0404034981333333,0.0369398933488891));
#1259=CARTESIAN_POINT('',(0.13186320616332,0.0403368314666667,0.035673386998889));
#1260=CARTESIAN_POINT('',(0.133325641727526,0.0402701648,0.035673386998889));
#1261=CARTESIAN_POINT('',(0.134788077291732,0.0402034981333333,0.035673386998889));
#1262=CARTESIAN_POINT('',(0.135519295073834,0.0401368314666667,0.0369398933488891));
#1263=CARTESIAN_POINT('',(0.136250512855937,0.0400701648,0.038206399698889));
#1264=CARTESIAN_POINT('',(0.135519295073834,0.0400034981333333,0.0394729060488891));
#1265=CARTESIAN_POINT('',(0.134788077291732,0.0399368314666667,0.040739412398889));
#1266=CARTESIAN_POINT('',(0.133325641727526,0.0398701648,0.040739412398889));
#1267=CARTESIAN_POINT('',(0.13186320616332,0.0398034981333333,0.040739412398889));
#1268=CARTESIAN_POINT('',(0.131131988381217,0.0397368314666667,0.0394729060488891));
#1269=CARTESIAN_POINT('',(0.130400770599114,0.0396701648,0.038206399698889));
#1270=CARTESIAN_POINT('',(0.131131988381217,0.0396034981333334,0.0369398933488891));
#1271=CARTESIAN_POINT('',(0.13186320616332,0.0395368314666667,0.035673386998889));
#1272=CARTESIAN_POINT('',(0.133325641727526,0.0394701648,0.035673386998889));
#1273=CARTESIAN_POINT('',(0.134788077291732,0.0394034981333333,0.035673386998889));
#1274=CARTESIAN_POINT('',(0.135519295073834,0.0393368314666667,0.0369398933488891));
#1275=CARTESIAN_POINT('',(0.136250512855937,0.0392701648,0.038206399698889));
#1276=CARTESIAN_POINT('',(0.135519295073834,0.0392034981333333,0.0394729060488891));
#1277=CARTESIAN_POINT('',(0.134788077291732,0.0391368314666667,0.040739412398889));
#1278=CARTESIAN_POINT('',(0.133325641727526,0.0390701648,0.040739412398889));
#1279=CARTESIAN_POINT('',(0.13186320616332,0.0390034981333333,0.040739412398889));
#1280=CARTESIAN_POINT('',(0.131131988381217,0.0389368314666666,0.0394729060488891));
#1281=CARTESIAN_POINT('',(0.130400770599114,0.0388701648,0.038206399698889));
#1282=CARTESIAN_POINT('',(0.131131988381217,0.0388034981333334,0.0369398933488891));
#1283=CARTESIAN_POINT('',(0.13186320616332,0.0387368314666667,0.035673386998889));
#1284=CARTESIAN_POINT('',(0.133325641727526,0.0386701648,0.035673386998889));
#1285=CARTESIAN_POINT('',(0.134788077291732,0.0386034981333334,0.035673386998889));
#1286=CARTESIAN_POINT('',(0.135519295073834,0.0385368314666667,0.0369398933488891));
#1287=CARTESIAN_POINT('',(0.136250512855937,0.0384701648,0.038206399698889));
#1288=CARTESIAN_POINT('',(0.135519295073834,0.0384034981333334,0.0394729060488891));
#1289=CARTESIAN_POINT('',(0.134788077291732,0.0383368314666666,0.040739412398889));
#1290=CARTESIAN_POINT('',(0.133325641727526,0.0382701648,0.040739412398889));
#1291=CARTESIAN_POINT('',(0.13186320616332,0.0382034981333333,0.040739412398889));
#1292=CARTESIAN_POINT('',(0.131131988381217,0.0381368314666667,0.0394729060488891));
#1293=CARTESIAN_POINT('',(0.130400770599114,0.0380701648,0.038206399698889));
#1294=CARTESIAN_POINT('',(0.131131988381217,0.0380034981333333,0.0369398933488891));
#1295=CARTESIAN_POINT('',(0.13186320616332,0.0379368314666667,0.0356733869988891));
#1296=CARTESIAN_POINT('',(0.133325641727526,0.0378701648,0.035673386998889));
#1297=CARTESIAN_POINT('',(0.134788077291732,0.0378034981333333,0.035673386998889));
#1298=CARTESIAN_POINT('',(0.135519295073834,0.0377368314666666,0.0369398933488891));
#1299=CARTESIAN_POINT('',(0.136250512855937,0.0376701648,0.038206399698889));
#1300=CARTESIAN_POINT('',(0.135519295073834,0.0376034981333334,0.0394729060488891));
#1301=CARTESIAN_POINT('',(0.134788077291732,0.0375368314666666,0.040739412398889));
#1302=CARTESIAN_POINT('',(0.133325641727526,0.0374701648,0.040739412398889));
#1303=CARTESIAN_POINT('',(0.13186320616332,0.0374034981333333,0.040739412398889));
#1304=CARTESIAN_POINT('',(0.131131988381217,0.0373368314666667,0.0394729060488891));
#1305=CARTESIAN_POINT('',(0.130400770599114,0.0372701648,0.038206399698889));
#1306=CARTESIAN_POINT('',(0.131131988381217,0.0372034981333334,0.0369398933488891));
#1307=CARTESIAN_POINT('',(0.13186320616332,0.0371368314666667,0.0356733869988891));
#1308=CARTESIAN_POINT('',(0.133325641727526,0.0370701648,0.035673386998889));
#1309=CARTESIAN_POINT('',(0.134788077291732,0.0370034981333333,0.035673386998889));
#1310=CARTESIAN_POINT('',(0.135519295073834,0.0369368314666667,0.0369398933488891));
#1311=CARTESIAN_POINT('',(0.136250512855937,0.0368701648,0.038206399698889));
#1312=CARTESIAN_POINT('',(0.135519295073834,0.0368034981333333,0.0394729060488891));
#1313=CARTESIAN_POINT('',(0.134788077291732,0.0367368314666666,0.040739412398889));
#1314=CARTESIAN_POINT('',(0.133325641727526,0.0366701648,0.040739412398889));
#1315=CARTESIAN_POINT('',(0.13186320616332,0.0366034981333333,0.040739412398889));
#1316=CARTESIAN_POINT('',(0.131131988381217,0.0365368314666666,0.0394729060488891));
#1317=CARTESIAN_POINT('',(0.130400770599114,0.0364701648,0.038206399698889));
#1318=CARTESIAN_POINT('',(0.131131988381217,0.0364034981333334,0.0369398933488891));
#1319=CARTESIAN_POINT('',(0.13186320616332,0.0363368314666667,0.035673386998889));
#1320=CARTESIAN_POINT('',(0.133325641727526,0.0362701648,0.035673386998889));
#1321=CARTESIAN_POINT('',(0.134788077291732,0.0362034981333333,0.035673386998889));
#1322=CARTESIAN_POINT('',(0.135519295073834,0.0361368314666667,0.036939893348889));
#1323=CARTESIAN_POINT('',(0.136250512855937,0.0360701648,0.038206399698889));
#1324=CARTESIAN_POINT('',(0.135519295073834,0.0360034981333334,0.039472906048889));
#1325=CARTESIAN_POINT('',(0.134788077291732,0.0359368314666667,0.040739412398889));
#1326=CARTESIAN_POINT('',(0.133325641727526,0.0358701648,0.040739412398889));
#1327=CARTESIAN_POINT('',(0.13186320616332,0.0358034981333333,0.040739412398889));
#1328=CARTESIAN_POINT('',(0.131131988381217,0.0357368314666667,0.0394729060488891));
#1329=CARTESIAN_POINT('',(0.130400770599114,0.0356701648,0.038206399698889));
#1330=CARTESIAN_POINT('',(0.131131988381217,0.0356034981333333,0.0369398933488891));
#1331=CARTESIAN_POINT('',(0.13186320616332,0.0355368314666667,0.035673386998889));
#1332=CARTESIAN_POINT('',(0.133325641727526,0.0354701648,0.035673386998889));
#1333=CARTESIAN_POINT('',(0.134788077291732,0.0354034981333333,0.035673386998889));
#1334=CARTESIAN_POINT('',(0.135519295073834,0.0353368314666666,0.036939893348889));
#1335=CARTESIAN_POINT('',(0.136250512855937,0.0352701648,0.038206399698889));
#1336=CARTESIAN_POINT('',(0.135519295073834,0.0352034981333334,0.039472906048889));
#1337=CARTESIAN_POINT('',(0.134788077291732,0.0351368314666666,0.040739412398889));
#1338=CARTESIAN_POINT('',(0.133325641727526,0.0350701648,0.040739412398889));
#1339=CARTESIAN_POINT('',(0.13186320616332,0.0350034981333333,0.040739412398889));
#1340=CARTESIAN_POINT('',(0.131131988381217,0.0349368314666667,0.0394729060488891));
#1341=CARTESIAN_POINT('',(0.130400770599114,0.0348701648,0.038206399698889));
#1342=CARTESIAN_POINT('',(0.131131988381217,0.0348034981333333,0.0369398933488891));
#1343=CARTESIAN_POINT('',(0.13186320616332,0.0347368314666667,0.0356733869988891));
#1344=CARTESIAN_POINT('',(0.133325641727526,0.0346701648,0.035673386998889));
#1345=CARTESIAN_POINT('',(0.134788077291732,0.0346034981333333,0.035673386998889));
#1346=CARTESIAN_POINT('',(0.135519295073834,0.0345368314666667,0.036939893348889));
#1347=CARTESIAN_POINT('',(0.136250512855937,0.0344701648,0.038206399698889));
#1348=CARTESIAN_POINT('',(0.135519295073834,0.0344034981333333,0.039472906048889));
#1349=CARTESIAN_POINT('',(0.134788077291732,0.0343368314666666,0.040739412398889));
#1350=CARTESIAN_POINT('',(0.133325641727526,0.0342701648,0.040739412398889));
#1351=CARTESIAN_POINT('',(0.13186320616332,0.0342034981333333,0.040739412398889));
#1352=CARTESIAN_POINT('',(0.131131988381217,0.0341368314666666,0.0394729060488891));
#1353=CARTESIAN_POINT('',(0.130400770599114,0.0340701648,0.038206399698889));
#1354=CARTESIAN_POINT('',(0.131131988381217,0.0340034981333334,0.0369398933488891));
#1355=CARTESIAN_POINT('',(0.13186320616332,0.0339368314666667,0.0356733869988891));
#1356=CARTESIAN_POINT('',(0.133325641727526,0.0338701648,0.035673386998889));
#1357=CARTESIAN_POINT('',(0.134788077291732,0.0338034981333333,0.035673386998889));
#1358=CARTESIAN_POINT('',(0.135519295073834,0.0337368314666667,0.036939893348889));
#1359=CARTESIAN_POINT('',(0.136250512855937,0.0336701648,0.038206399698889));
#1360=CARTESIAN_POINT('',(0.135519295073834,0.0336034981333333,0.039472906048889));
#1361=CARTESIAN_POINT('',(0.134788077291732,0.0335368314666666,0.040739412398889));
#1362=CARTESIAN_POINT('',(0.133325641727526,0.0334701648,0.040739412398889));
#1363=CARTESIAN_POINT('',(0.13186320616332,0.0334034981333333,0.040739412398889));
#1364=CARTESIAN_POINT('',(0.131131988381217,0.0333368314666667,0.0394729060488891));
#1365=CARTESIAN_POINT('',(0.130400770599114,0.0332701648,0.038206399698889));
#1366=CARTESIAN_POINT('',(0.131131988381217,0.0332034981333333,0.0369398933488891));
#1367=CARTESIAN_POINT('',(0.13186320616332,0.0331368314666667,0.0356733869988891));
#1368=CARTESIAN_POINT('',(0.133325641727526,0.0330701648,0.035673386998889));
#1369=CARTESIAN_POINT('',(0.134788077291732,0.0330034981333333,0.035673386998889));
#1370=CARTESIAN_POINT('',(0.135519295073834,0.0329368314666666,0.036939893348889));
#1371=CARTESIAN_POINT('',(0.136250512855937,0.0328701648,0.038206399698889));
#1372=CARTESIAN_POINT('',(0.135519295073834,0.0328034981333334,0.039472906048889));
#1373=CARTESIAN_POINT('',(0.134788077291732,0.0327368314666666,0.040739412398889));
#1374=CARTESIAN_POINT('',(0.133325641727526,0.0326701648,0.040739412398889));
#1375=CARTESIAN_POINT('',(0.133325641727526,0.0404201648,0.0403063996988891));
#1376=CARTESIAN_POINT('',(0.132113206162228,0.0403534981333333,0.040306399698889));
#1377=CARTESIAN_POINT('',(0.131506988379578,0.0402868314666667,0.039256399698889));
#1378=CARTESIAN_POINT('',(0.130900770596929,0.0402201648,0.038206399698889));
#1379=CARTESIAN_POINT('',(0.131506988379578,0.0401534981333333,0.0371563996988891));
#1380=CARTESIAN_POINT('',(0.132113206162228,0.0400868314666667,0.036106399698889));
#1381=CARTESIAN_POINT('',(0.133325641727526,0.0400201648,0.036106399698889));
#1382=CARTESIAN_POINT('',(0.134538077292824,0.0399534981333333,0.036106399698889));
#1383=CARTESIAN_POINT('',(0.135144295075473,0.0398868314666667,0.0371563996988891));
#1384=CARTESIAN_POINT('',(0.135750512858122,0.0398201648,0.038206399698889));
#1385=CARTESIAN_POINT('',(0.135144295075473,0.0397534981333333,0.039256399698889));
#1386=CARTESIAN_POINT('',(0.134538077292824,0.0396868314666666,0.040306399698889));
#1387=CARTESIAN_POINT('',(0.133325641727526,0.0396201648,0.0403063996988891));
#1388=CARTESIAN_POINT('',(0.132113206162228,0.0395534981333333,0.040306399698889));
#1389=CARTESIAN_POINT('',(0.131506988379578,0.0394868314666666,0.039256399698889));
#1390=CARTESIAN_POINT('',(0.130900770596929,0.0394201648,0.038206399698889));
#1391=CARTESIAN_POINT('',(0.131506988379578,0.0393534981333334,0.0371563996988891));
#1392=CARTESIAN_POINT('',(0.132113206162228,0.0392868314666667,0.036106399698889));
#1393=CARTESIAN_POINT('',(0.133325641727526,0.0392201648,0.036106399698889));
#1394=CARTESIAN_POINT('',(0.134538077292824,0.0391534981333333,0.036106399698889));
#1395=CARTESIAN_POINT('',(0.135144295075473,0.0390868314666667,0.0371563996988891));
#1396=CARTESIAN_POINT('',(0.135750512858122,0.0390201648,0.038206399698889));
#1397=CARTESIAN_POINT('',(0.135144295075473,0.0389534981333333,0.039256399698889));
#1398=CARTESIAN_POINT('',(0.134538077292824,0.0388868314666666,0.040306399698889));
#1399=CARTESIAN_POINT('',(0.133325641727526,0.0388201648,0.0403063996988891));
#1400=CARTESIAN_POINT('',(0.132113206162228,0.0387534981333333,0.040306399698889));
#1401=CARTESIAN_POINT('',(0.131506988379578,0.0386868314666667,0.039256399698889));
#1402=CARTESIAN_POINT('',(0.130900770596929,0.0386201648,0.038206399698889));
#1403=CARTESIAN_POINT('',(0.131506988379578,0.0385534981333333,0.0371563996988891));
#1404=CARTESIAN_POINT('',(0.132113206162228,0.0384868314666667,0.036106399698889));
#1405=CARTESIAN_POINT('',(0.133325641727526,0.0384201648,0.036106399698889));
#1406=CARTESIAN_POINT('',(0.134538077292824,0.0383534981333333,0.036106399698889));
#1407=CARTESIAN_POINT('',(0.135144295075473,0.0382868314666667,0.0371563996988891));
#1408=CARTESIAN_POINT('',(0.135750512858122,0.0382201648,0.038206399698889));
#1409=CARTESIAN_POINT('',(0.135144295075473,0.0381534981333334,0.039256399698889));
#1410=CARTESIAN_POINT('',(0.134538077292824,0.0380868314666666,0.040306399698889));
#1411=CARTESIAN_POINT('',(0.133325641727526,0.0380201648,0.0403063996988891));
#1412=CARTESIAN_POINT('',(0.132113206162228,0.0379534981333333,0.040306399698889));
#1413=CARTESIAN_POINT('',(0.131506988379578,0.0378868314666667,0.039256399698889));
#1414=CARTESIAN_POINT('',(0.130900770596929,0.0378201648,0.038206399698889));
#1415=CARTESIAN_POINT('',(0.131506988379578,0.0377534981333333,0.0371563996988891));
#1416=CARTESIAN_POINT('',(0.132113206162228,0.0376868314666667,0.036106399698889));
#1417=CARTESIAN_POINT('',(0.133325641727526,0.0376201648,0.036106399698889));
#1418=CARTESIAN_POINT('',(0.134538077292824,0.0375534981333333,0.036106399698889));
#1419=CARTESIAN_POINT('',(0.135144295075473,0.0374868314666666,0.0371563996988891));
#1420=CARTESIAN_POINT('',(0.135750512858122,0.0374201648,0.038206399698889));
#1421=CARTESIAN_POINT('',(0.135144295075473,0.0373534981333334,0.039256399698889));
#1422=CARTESIAN_POINT('',(0.134538077292824,0.0372868314666666,0.040306399698889));
#1423=CARTESIAN_POINT('',(0.133325641727526,0.0372201648,0.0403063996988891));
#1424=CARTESIAN_POINT('',(0.132113206162228,0.0371534981333333,0.040306399698889));
#1425=CARTESIAN_POINT('',(0.131506988379578,0.0370868314666667,0.039256399698889));
#1426=CARTESIAN_POINT('',(0.130900770596929,0.0370201648,0.038206399698889));
#1427=CARTESIAN_POINT('',(0.131506988379578,0.0369534981333334,0.0371563996988891));
#1428=CARTESIAN_POINT('',(0.132113206162228,0.0368868314666667,0.036106399698889));
#1429=CARTESIAN_POINT('',(0.133325641727526,0.0368201648,0.036106399698889));
#1430=CARTESIAN_POINT('',(0.134538077292824,0.0367534981333333,0.036106399698889));
#1431=CARTESIAN_POINT('',(0.135144295075473,0.0366868314666667,0.0371563996988891));
#1432=CARTESIAN_POINT('',(0.135750512858122,0.0366201648,0.038206399698889));
#1433=CARTESIAN_POINT('',(0.135144295075473,0.0365534981333333,0.039256399698889));
#1434=CARTESIAN_POINT('',(0.134538077292824,0.0364868314666666,0.040306399698889));
#1435=CARTESIAN_POINT('',(0.133325641727526,0.0364201648,0.0403063996988891));
#1436=CARTESIAN_POINT('',(0.132113206162228,0.0363534981333333,0.040306399698889));
#1437=CARTESIAN_POINT('',(0.131506988379578,0.0362868314666666,0.039256399698889));
#1438=CARTESIAN_POINT('',(0.130900770596929,0.0362201648,0.038206399698889));
#1439=CARTESIAN_POINT('',(0.131506988379578,0.0361534981333334,0.0371563996988891));
#1440=CARTESIAN_POINT('',(0.132113206162228,0.0360868314666667,0.036106399698889));
#1441=CARTESIAN_POINT('',(0.133325641727526,0.0360201648,0.036106399698889));
#1442=CARTESIAN_POINT('',(0.134538077292824,0.0359534981333333,0.036106399698889));
#1443=CARTESIAN_POINT('',(0.135144295075473,0.0358868314666667,0.037156399698889));
#1444=CARTESIAN_POINT('',(0.135750512858122,0.0358201648,0.038206399698889));
#1445=CARTESIAN_POINT('',(0.135144295075473,0.0357534981333334,0.039256399698889));
#1446=CARTESIAN_POINT('',(0.134538077292824,0.0356868314666666,0.040306399698889));
#1447=CARTESIAN_POINT('',(0.133325641727526,0.0356201648,0.0403063996988891));
#1448=CARTESIAN_POINT('',(0.132113206162228,0.0355534981333333,0.040306399698889));
#1449=CARTESIAN_POINT('',(0.131506988379578,0.0354868314666667,0.039256399698889));
#1450=CARTESIAN_POINT('',(0.130900770596929,0.0354201648,0.038206399698889));
#1451=CARTESIAN_POINT('',(0.131506988379578,0.0353534981333333,0.0371563996988891));
#1452=CARTESIAN_POINT('',(0.132113206162228,0.0352868314666667,0.036106399698889));
#1453=CARTESIAN_POINT('',(0.133325641727526,0.0352201648,0.036106399698889));
#1454=CARTESIAN_POINT('',(0.134538077292824,0.0351534981333333,0.036106399698889));
#1455=CARTESIAN_POINT('',(0.135144295075473,0.0350868314666666,0.037156399698889));
#1456=CARTESIAN_POINT('',(0.135750512858122,0.0350201648,0.038206399698889));
#1457=CARTESIAN_POINT('',(0.135144295075473,0.0349534981333334,0.039256399698889));
#1458=CARTESIAN_POINT('',(0.134538077292824,0.0348868314666666,0.040306399698889));
#1459=CARTESIAN_POINT('',(0.133325641727526,0.0348201648,0.0403063996988891));
#1460=CARTESIAN_POINT('',(0.132113206162228,0.0347534981333333,0.040306399698889));
#1461=CARTESIAN_POINT('',(0.131506988379578,0.0346868314666667,0.039256399698889));
#1462=CARTESIAN_POINT('',(0.130900770596929,0.0346201648,0.038206399698889));
#1463=CARTESIAN_POINT('',(0.131506988379578,0.0345534981333334,0.0371563996988891));
#1464=CARTESIAN_POINT('',(0.132113206162228,0.0344868314666667,0.036106399698889));
#1465=CARTESIAN_POINT('',(0.133325641727526,0.0344201648,0.036106399698889));
#1466=CARTESIAN_POINT('',(0.134538077292824,0.0343534981333333,0.036106399698889));
#1467=CARTESIAN_POINT('',(0.135144295075473,0.0342868314666667,0.037156399698889));
#1468=CARTESIAN_POINT('',(0.135750512858122,0.0342201648,0.038206399698889));
#1469=CARTESIAN_POINT('',(0.135144295075473,0.0341534981333333,0.039256399698889));
#1470=CARTESIAN_POINT('',(0.134538077292824,0.0340868314666666,0.040306399698889));
#1471=CARTESIAN_POINT('',(0.133325641727526,0.0340201648,0.0403063996988891));
#1472=CARTESIAN_POINT('',(0.132113206162228,0.0339534981333333,0.040306399698889));
#1473=CARTESIAN_POINT('',(0.131506988379578,0.0338868314666666,0.039256399698889));
#1474=CARTESIAN_POINT('',(0.130900770596929,0.0338201648,0.038206399698889));
#1475=CARTESIAN_POINT('',(0.131506988379578,0.0337534981333334,0.0371563996988891));
#1476=CARTESIAN_POINT('',(0.132113206162228,0.0336868314666667,0.036106399698889));
#1477=CARTESIAN_POINT('',(0.133325641727526,0.0336201648,0.036106399698889));
#1478=CARTESIAN_POINT('',(0.134538077292824,0.0335534981333333,0.036106399698889));
#1479=CARTESIAN_POINT('',(0.135144295075473,0.0334868314666667,0.037156399698889));
#1480=CARTESIAN_POINT('',(0.135750512858122,0.0334201648,0.038206399698889));
#1481=CARTESIAN_POINT('',(0.135144295075473,0.0333534981333333,0.039256399698889));
#1482=CARTESIAN_POINT('',(0.134538077292824,0.0332868314666666,0.040306399698889));
#1483=CARTESIAN_POINT('',(0.133325641727526,0.0332201648,0.0403063996988891));
#1484=CARTESIAN_POINT('',(0.132113206162228,0.0331534981333333,0.040306399698889));
#1485=CARTESIAN_POINT('',(0.131506988379578,0.0330868314666667,0.039256399698889));
#1486=CARTESIAN_POINT('',(0.130900770596929,0.0330201648,0.038206399698889));
#1487=CARTESIAN_POINT('',(0.131506988379578,0.0329534981333333,0.0371563996988891));
#1488=CARTESIAN_POINT('',(0.132113206162228,0.0328868314666667,0.036106399698889));
#1489=CARTESIAN_POINT('',(0.133325641727526,0.0328201648,0.036106399698889));
#1490=CARTESIAN_POINT('',(0.134538077292824,0.0327534981333333,0.036106399698889));
#1491=CARTESIAN_POINT('',(0.135144295075473,0.0326868314666666,0.037156399698889));
#1492=CARTESIAN_POINT('',(0.135750512858122,0.0326201648,0.038206399698889));
#1493=CARTESIAN_POINT('',(0.135144295075473,0.0325534981333334,0.039256399698889));
#1494=CARTESIAN_POINT('',(0.134538077292824,0.0324868314666667,0.040306399698889));
#1495=CARTESIAN_POINT('',(0.133325641727526,0.0324201648,0.0403063996988891));
#1496=CARTESIAN_POINT('',(0.133720224233828,0.0394513635012909,0.0357043089762968));
#1497=CARTESIAN_POINT('',(0.134914684233493,0.0393919551115542,0.0358926766546106));
#1498=CARTESIAN_POINT('',(0.135519295073834,0.0393368314666667,0.0369398933488891));
#1499=CARTESIAN_POINT('',(0.136250512855937,0.0392701648,0.038206399698889));
#1500=CARTESIAN_POINT('',(0.135519295073834,0.0392034981333333,0.0394729060488891));
#1501=CARTESIAN_POINT('',(0.134788077291732,0.0391368314666667,0.040739412398889));
#1502=CARTESIAN_POINT('',(0.133325641727526,0.0390701648,0.040739412398889));
#1503=CARTESIAN_POINT('',(0.13186320616332,0.0390034981333333,0.040739412398889));
#1504=CARTESIAN_POINT('',(0.131131988381217,0.0389368314666666,0.0394729060488891));
#1505=CARTESIAN_POINT('',(0.130400770599114,0.0388701648,0.038206399698889));
#1506=CARTESIAN_POINT('',(0.131131988381217,0.0388034981333334,0.0369398933488891));
#1507=CARTESIAN_POINT('',(0.13186320616332,0.0387368314666667,0.035673386998889));
#1508=CARTESIAN_POINT('',(0.133325641727526,0.0386701648,0.035673386998889));
#1509=CARTESIAN_POINT('',(0.134788077291732,0.0386034981333334,0.035673386998889));
#1510=CARTESIAN_POINT('',(0.135519295073834,0.0385368314666667,0.0369398933488891));
#1511=CARTESIAN_POINT('',(0.136250512855937,0.0384701648,0.038206399698889));
#1512=CARTESIAN_POINT('',(0.135519295073834,0.0384034981333334,0.0394729060488891));
#1513=CARTESIAN_POINT('',(0.134788077291732,0.0383368314666666,0.040739412398889));
#1514=CARTESIAN_POINT('',(0.133325641727526,0.0382701648,0.040739412398889));
#1515=CARTESIAN_POINT('',(0.13186320616332,0.0382034981333333,0.040739412398889));
#1516=CARTESIAN_POINT('',(0.131131988381217,0.0381368314666667,0.0394729060488891));
#1517=CARTESIAN_POINT('',(0.130400770599114,0.0380701648,0.038206399698889));
#1518=CARTESIAN_POINT('',(0.131131988381217,0.0380034981333333,0.0369398933488891));
#1519=CARTESIAN_POINT('',(0.13186320616332,0.0379368314666667,0.035673386998889));
#1520=CARTESIAN_POINT('',(0.133325641727526,0.0378701648,0.035673386998889));
#1521=CARTESIAN_POINT('',(0.134788077291732,0.0378034981333333,0.035673386998889));
#1522=CARTESIAN_POINT('',(0.135519295073834,0.0377368314666666,0.0369398933488891));
#1523=CARTESIAN_POINT('',(0.136250512855937,0.0376701648,0.038206399698889));
#1524=CARTESIAN_POINT('',(0.135519295073834,0.0376034981333334,0.0394729060488891));
#1525=CARTESIAN_POINT('',(0.134788077291732,0.0375368314666666,0.040739412398889));
#1526=CARTESIAN_POINT('',(0.133325641727526,0.0374701648,0.040739412398889));
#1527=CARTESIAN_POINT('',(0.13186320616332,0.0374034981333333,0.040739412398889));
#1528=CARTESIAN_POINT('',(0.131131988381217,0.0373368314666667,0.0394729060488891));
#1529=CARTESIAN_POINT('',(0.130400770599114,0.0372701648,0.038206399698889));
#1530=CARTESIAN_POINT('',(0.131131988381217,0.0372034981333334,0.0369398933488891));
#1531=CARTESIAN_POINT('',(0.13186320616332,0.0371368314666667,0.035673386998889));
#1532=CARTESIAN_POINT('',(0.133325641727526,0.0370701648,0.035673386998889));
#1533=CARTESIAN_POINT('',(0.134788077291732,0.0370034981333333,0.035673386998889));
#1534=CARTESIAN_POINT('',(0.135519295073834,0.0369368314666667,0.0369398933488891));
#1535=CARTESIAN_POINT('',(0.136250512855937,0.0368701648,0.038206399698889));
#1536=CARTESIAN_POINT('',(0.135519295073834,0.0368034981333333,0.0394729060488891));
#1537=CARTESIAN_POINT('',(0.134788077291732,0.0367368314666666,0.040739412398889));
#1538=CARTESIAN_POINT('',(0.133325641727526,0.0366701648,0.040739412398889));
#1539=CARTESIAN_POINT('',(0.13186320616332,0.0366034981333333,0.040739412398889));
#1540=CARTESIAN_POINT('',(0.131131988381217,0.0365368314666666,0.0394729060488891));
#1541=CARTESIAN_POINT('',(0.130400770599114,0.0364701648,0.038206399698889));
#1542=CARTESIAN_POINT('',(0.131131988381217,0.0364034981333334,0.0369398933488891));
#1543=CARTESIAN_POINT('',(0.13186320616332,0.0363368314666667,0.035673386998889));
#1544=CARTESIAN_POINT('',(0.133325641727526,0.0362701648,0.035673386998889));
#1545=CARTESIAN_POINT('',(0.134788077291732,0.0362034981333333,0.035673386998889));
#1546=CARTESIAN_POINT('',(0.135519295073834,0.0361368314666667,0.0369398933488891));
#1547=CARTESIAN_POINT('',(0.136250512855937,0.0360701648,0.038206399698889));
#1548=CARTESIAN_POINT('',(0.135519295073834,0.0360034981333334,0.0394729060488891));
#1549=CARTESIAN_POINT('',(0.134788077291732,0.0359368314666667,0.040739412398889));
#1550=CARTESIAN_POINT('',(0.133325641727526,0.0358701648,0.040739412398889));
#1551=CARTESIAN_POINT('',(0.13186320616332,0.0358034981333333,0.040739412398889));
#1552=CARTESIAN_POINT('',(0.131131988381217,0.0357368314666667,0.0394729060488891));
#1553=CARTESIAN_POINT('',(0.130400770599114,0.0356701648,0.038206399698889));
#1554=CARTESIAN_POINT('',(0.131131988381217,0.0356034981333333,0.0369398933488891));
#1555=CARTESIAN_POINT('',(0.13186320616332,0.0355368314666667,0.035673386998889));
#1556=CARTESIAN_POINT('',(0.133325641727526,0.0354701648,0.035673386998889));
#1557=CARTESIAN_POINT('',(0.134788077291732,0.0354034981333333,0.035673386998889));
#1558=CARTESIAN_POINT('',(0.135519295073834,0.0353368314666666,0.0369398933488891));
#1559=CARTESIAN_POINT('',(0.136250512855937,0.0352701648,0.038206399698889));
#1560=CARTESIAN_POINT('',(0.135519295073834,0.0352034981333334,0.0394729060488891));
#1561=CARTESIAN_POINT('',(0.134788077291732,0.0351368314666666,0.040739412398889));
#1562=CARTESIAN_POINT('',(0.133325641727526,0.0350701648,0.040739412398889));
#1563=CARTESIAN_POINT('',(0.13186320616332,0.0350034981333333,0.040739412398889));
#1564=CARTESIAN_POINT('',(0.131131988381217,0.0349368314666667,0.0394729060488891));
#1565=CARTESIAN_POINT('',(0.130400770599114,0.0348701648,0.038206399698889));
#1566=CARTESIAN_POINT('',(0.131131988381217,0.0348034981333333,0.0369398933488891));
#1567=CARTESIAN_POINT('',(0.13186320616332,0.0347368314666667,0.035673386998889));
#1568=CARTESIAN_POINT('',(0.133325641727526,0.0346701648,0.035673386998889));
#1569=CARTESIAN_POINT('',(0.134788077291732,0.0346034981333333,0.035673386998889));
#1570=CARTESIAN_POINT('',(0.135519295073834,0.0345368314666667,0.0369398933488891));
#1571=CARTESIAN_POINT('',(0.136250512855937,0.0344701648,0.038206399698889));
#1572=CARTESIAN_POINT('',(0.135519295073834,0.0344034981333333,0.0394729060488891));
#1573=CARTESIAN_POINT('',(0.134914684233493,0.0343483744884458,0.0405201227431672));
#1574=CARTESIAN_POINT('',(0.133720224233828,0.0342889660987091,0.0407084904214812));
#1575=CARTESIAN_POINT('',(0.133725888814497,0.0394786362285636,0.0356683892522524));
#1576=CARTESIAN_POINT('',(0.134937496343299,0.0394192278388269,0.0358594611150958));
#1577=CARTESIAN_POINT('',(0.135550786906699,0.0393641041939394,0.0369217115307073));
#1578=CARTESIAN_POINT('',(0.136292501966424,0.0392974375272727,0.038206399698889));
#1579=CARTESIAN_POINT('',(0.135550786906699,0.0392307708606061,0.0394910878670709));
#1580=CARTESIAN_POINT('',(0.134809071846975,0.0391641041939394,0.0407757760352527));
#1581=CARTESIAN_POINT('',(0.133325641727526,0.0390974375272728,0.0407757760352527));
#1582=CARTESIAN_POINT('',(0.131842211608077,0.039030770860606,0.0407757760352527));
#1583=CARTESIAN_POINT('',(0.131100496548352,0.0389641041939394,0.0394910878670709));
#1584=CARTESIAN_POINT('',(0.130358781488628,0.0388974375272727,0.038206399698889));
#1585=CARTESIAN_POINT('',(0.131100496548352,0.038830770860606,0.0369217115307073));
#1586=CARTESIAN_POINT('',(0.131842211608077,0.0387641041939393,0.0356370233625254));
#1587=CARTESIAN_POINT('',(0.133325641727526,0.0386974375272727,0.0356370233625254));
#1588=CARTESIAN_POINT('',(0.134809071846975,0.0386307708606061,0.0356370233625254));
#1589=CARTESIAN_POINT('',(0.135550786906699,0.0385641041939394,0.0369217115307073));
#1590=CARTESIAN_POINT('',(0.136292501966424,0.0384974375272727,0.038206399698889));
#1591=CARTESIAN_POINT('',(0.135550786906699,0.0384307708606061,0.0394910878670709));
#1592=CARTESIAN_POINT('',(0.134809071846975,0.0383641041939394,0.0407757760352527));
#1593=CARTESIAN_POINT('',(0.133325641727526,0.0382974375272727,0.0407757760352527));
#1594=CARTESIAN_POINT('',(0.131842211608077,0.0382307708606061,0.0407757760352527));
#1595=CARTESIAN_POINT('',(0.131100496548352,0.0381641041939394,0.0394910878670709));
#1596=CARTESIAN_POINT('',(0.130358781488628,0.0380974375272727,0.038206399698889));
#1597=CARTESIAN_POINT('',(0.131100496548352,0.0380307708606061,0.0369217115307073));
#1598=CARTESIAN_POINT('',(0.131842211608077,0.0379641041939394,0.0356370233625254));
#1599=CARTESIAN_POINT('',(0.133325641727526,0.0378974375272727,0.0356370233625254));
#1600=CARTESIAN_POINT('',(0.134809071846975,0.037830770860606,0.0356370233625254));
#1601=CARTESIAN_POINT('',(0.135550786906699,0.0377641041939394,0.0369217115307073));
#1602=CARTESIAN_POINT('',(0.136292501966424,0.0376974375272727,0.038206399698889));
#1603=CARTESIAN_POINT('',(0.135550786906699,0.0376307708606061,0.0394910878670709));
#1604=CARTESIAN_POINT('',(0.134809071846975,0.0375641041939394,0.0407757760352527));
#1605=CARTESIAN_POINT('',(0.133325641727526,0.0374974375272728,0.0407757760352527));
#1606=CARTESIAN_POINT('',(0.131842211608077,0.037430770860606,0.0407757760352527));
#1607=CARTESIAN_POINT('',(0.131100496548352,0.0373641041939394,0.0394910878670709));
#1608=CARTESIAN_POINT('',(0.130358781488628,0.0372974375272727,0.038206399698889));
#1609=CARTESIAN_POINT('',(0.131100496548352,0.037230770860606,0.0369217115307073));
#1610=CARTESIAN_POINT('',(0.131842211608077,0.0371641041939394,0.0356370233625254));
#1611=CARTESIAN_POINT('',(0.133325641727526,0.0370974375272728,0.0356370233625254));
#1612=CARTESIAN_POINT('',(0.134809071846975,0.037030770860606,0.0356370233625254));
#1613=CARTESIAN_POINT('',(0.135550786906699,0.0369641041939394,0.0369217115307073));
#1614=CARTESIAN_POINT('',(0.136292501966424,0.0368974375272728,0.038206399698889));
#1615=CARTESIAN_POINT('',(0.135550786906699,0.0368307708606061,0.0394910878670709));
#1616=CARTESIAN_POINT('',(0.134809071846975,0.0367641041939394,0.0407757760352527));
#1617=CARTESIAN_POINT('',(0.133325641727526,0.0366974375272727,0.0407757760352527));
#1618=CARTESIAN_POINT('',(0.131842211608077,0.0366307708606061,0.0407757760352527));
#1619=CARTESIAN_POINT('',(0.131100496548352,0.0365641041939394,0.0394910878670709));
#1620=CARTESIAN_POINT('',(0.130358781488628,0.0364974375272727,0.038206399698889));
#1621=CARTESIAN_POINT('',(0.131100496548352,0.0364307708606061,0.0369217115307073));
#1622=CARTESIAN_POINT('',(0.131842211608077,0.0363641041939394,0.0356370233625254));
#1623=CARTESIAN_POINT('',(0.133325641727526,0.0362974375272727,0.0356370233625254));
#1624=CARTESIAN_POINT('',(0.134809071846975,0.0362307708606061,0.0356370233625254));
#1625=CARTESIAN_POINT('',(0.135550786906699,0.0361641041939394,0.0369217115307073));
#1626=CARTESIAN_POINT('',(0.136292501966424,0.0360974375272727,0.038206399698889));
#1627=CARTESIAN_POINT('',(0.135550786906699,0.0360307708606061,0.0394910878670709));
#1628=CARTESIAN_POINT('',(0.134809071846975,0.0359641041939394,0.0407757760352527));
#1629=CARTESIAN_POINT('',(0.133325641727526,0.0358974375272728,0.0407757760352527));
#1630=CARTESIAN_POINT('',(0.131842211608077,0.035830770860606,0.0407757760352527));
#1631=CARTESIAN_POINT('',(0.131100496548352,0.0357641041939394,0.0394910878670709));
#1632=CARTESIAN_POINT('',(0.130358781488628,0.0356974375272727,0.038206399698889));
#1633=CARTESIAN_POINT('',(0.131100496548352,0.035630770860606,0.0369217115307073));
#1634=CARTESIAN_POINT('',(0.131842211608077,0.0355641041939394,0.0356370233625254));
#1635=CARTESIAN_POINT('',(0.133325641727526,0.0354974375272728,0.0356370233625254));
#1636=CARTESIAN_POINT('',(0.134809071846975,0.035430770860606,0.0356370233625254));
#1637=CARTESIAN_POINT('',(0.135550786906699,0.0353641041939394,0.0369217115307073));
#1638=CARTESIAN_POINT('',(0.136292501966424,0.0352974375272727,0.038206399698889));
#1639=CARTESIAN_POINT('',(0.135550786906699,0.0352307708606061,0.0394910878670709));
#1640=CARTESIAN_POINT('',(0.134809071846975,0.0351641041939394,0.0407757760352527));
#1641=CARTESIAN_POINT('',(0.133325641727526,0.0350974375272727,0.0407757760352527));
#1642=CARTESIAN_POINT('',(0.131842211608077,0.035030770860606,0.0407757760352527));
#1643=CARTESIAN_POINT('',(0.131100496548352,0.0349641041939394,0.0394910878670709));
#1644=CARTESIAN_POINT('',(0.130358781488628,0.0348974375272727,0.038206399698889));
#1645=CARTESIAN_POINT('',(0.131100496548352,0.0348307708606061,0.0369217115307073));
#1646=CARTESIAN_POINT('',(0.131842211608077,0.0347641041939394,0.0356370233625254));
#1647=CARTESIAN_POINT('',(0.133325641727526,0.0346974375272727,0.0356370233625254));
#1648=CARTESIAN_POINT('',(0.134809071846975,0.0346307708606061,0.0356370233625254));
#1649=CARTESIAN_POINT('',(0.135550786906699,0.0345641041939394,0.0369217115307073));
#1650=CARTESIAN_POINT('',(0.136292501966424,0.0344974375272727,0.038206399698889));
#1651=CARTESIAN_POINT('',(0.135550786906699,0.0344307708606061,0.0394910878670709));
#1652=CARTESIAN_POINT('',(0.134937496343299,0.0343756472157185,0.040553338282682));
#1653=CARTESIAN_POINT('',(0.133725888814497,0.0343162388259819,0.0407444101455257));
#1654=CARTESIAN_POINT('',(0.133725888814497,0.0395240907740182,0.0356683892522524));
#1655=CARTESIAN_POINT('',(0.134937496343299,0.0394646823842815,0.0358594611150958));
#1656=CARTESIAN_POINT('',(0.135550786906699,0.0394095587393939,0.0369217115307073));
#1657=CARTESIAN_POINT('',(0.136292501966424,0.0393428920727273,0.038206399698889));
#1658=CARTESIAN_POINT('',(0.135550786906699,0.0392762254060606,0.0394910878670709));
#1659=CARTESIAN_POINT('',(0.134809071846975,0.0392095587393939,0.0407757760352527));
#1660=CARTESIAN_POINT('',(0.133325641727526,0.0391428920727273,0.0407757760352527));
#1661=CARTESIAN_POINT('',(0.131842211608077,0.0390762254060606,0.0407757760352527));
#1662=CARTESIAN_POINT('',(0.131100496548352,0.039009558739394,0.0394910878670709));
#1663=CARTESIAN_POINT('',(0.130358781488628,0.0389428920727273,0.038206399698889));
#1664=CARTESIAN_POINT('',(0.131100496548352,0.0388762254060606,0.0369217115307073));
#1665=CARTESIAN_POINT('',(0.131842211608077,0.0388095587393939,0.0356370233625254));
#1666=CARTESIAN_POINT('',(0.133325641727526,0.0387428920727272,0.0356370233625254));
#1667=CARTESIAN_POINT('',(0.134809071846975,0.0386762254060606,0.0356370233625254));
#1668=CARTESIAN_POINT('',(0.135550786906699,0.038609558739394,0.0369217115307073));
#1669=CARTESIAN_POINT('',(0.136292501966424,0.0385428920727272,0.038206399698889));
#1670=CARTESIAN_POINT('',(0.135550786906699,0.0384762254060606,0.0394910878670709));
#1671=CARTESIAN_POINT('',(0.134809071846975,0.0384095587393939,0.0407757760352527));
#1672=CARTESIAN_POINT('',(0.133325641727526,0.0383428920727273,0.0407757760352527));
#1673=CARTESIAN_POINT('',(0.131842211608077,0.0382762254060606,0.0407757760352527));
#1674=CARTESIAN_POINT('',(0.131100496548352,0.0382095587393939,0.0394910878670709));
#1675=CARTESIAN_POINT('',(0.130358781488628,0.0381428920727272,0.038206399698889));
#1676=CARTESIAN_POINT('',(0.131100496548352,0.0380762254060606,0.0369217115307073));
#1677=CARTESIAN_POINT('',(0.131842211608077,0.038009558739394,0.0356370233625254));
#1678=CARTESIAN_POINT('',(0.133325641727526,0.0379428920727273,0.0356370233625254));
#1679=CARTESIAN_POINT('',(0.134809071846975,0.0378762254060606,0.0356370233625254));
#1680=CARTESIAN_POINT('',(0.135550786906699,0.0378095587393939,0.0369217115307073));
#1681=CARTESIAN_POINT('',(0.136292501966424,0.0377428920727273,0.038206399698889));
#1682=CARTESIAN_POINT('',(0.135550786906699,0.0376762254060606,0.0394910878670709));
#1683=CARTESIAN_POINT('',(0.134809071846975,0.0376095587393939,0.0407757760352527));
#1684=CARTESIAN_POINT('',(0.133325641727526,0.0375428920727273,0.0407757760352527));
#1685=CARTESIAN_POINT('',(0.131842211608077,0.0374762254060606,0.0407757760352527));
#1686=CARTESIAN_POINT('',(0.131100496548352,0.037409558739394,0.0394910878670709));
#1687=CARTESIAN_POINT('',(0.130358781488628,0.0373428920727273,0.038206399698889));
#1688=CARTESIAN_POINT('',(0.131100496548352,0.0372762254060606,0.0369217115307073));
#1689=CARTESIAN_POINT('',(0.131842211608077,0.0372095587393939,0.0356370233625254));
#1690=CARTESIAN_POINT('',(0.133325641727526,0.0371428920727273,0.0356370233625254));
#1691=CARTESIAN_POINT('',(0.134809071846975,0.0370762254060606,0.0356370233625254));
#1692=CARTESIAN_POINT('',(0.135550786906699,0.037009558739394,0.0369217115307073));
#1693=CARTESIAN_POINT('',(0.136292501966424,0.0369428920727273,0.038206399698889));
#1694=CARTESIAN_POINT('',(0.135550786906699,0.0368762254060606,0.0394910878670709));
#1695=CARTESIAN_POINT('',(0.134809071846975,0.0368095587393939,0.0407757760352527));
#1696=CARTESIAN_POINT('',(0.133325641727526,0.0367428920727273,0.0407757760352527));
#1697=CARTESIAN_POINT('',(0.131842211608077,0.0366762254060606,0.0407757760352527));
#1698=CARTESIAN_POINT('',(0.131100496548352,0.0366095587393939,0.0394910878670709));
#1699=CARTESIAN_POINT('',(0.130358781488628,0.0365428920727272,0.038206399698889));
#1700=CARTESIAN_POINT('',(0.131100496548352,0.0364762254060606,0.0369217115307073));
#1701=CARTESIAN_POINT('',(0.131842211608077,0.0364095587393939,0.0356370233625254));
#1702=CARTESIAN_POINT('',(0.133325641727526,0.0363428920727273,0.0356370233625254));
#1703=CARTESIAN_POINT('',(0.134809071846975,0.0362762254060606,0.0356370233625254));
#1704=CARTESIAN_POINT('',(0.135550786906699,0.0362095587393939,0.0369217115307073));
#1705=CARTESIAN_POINT('',(0.136292501966424,0.0361428920727272,0.038206399698889));
#1706=CARTESIAN_POINT('',(0.135550786906699,0.0360762254060606,0.0394910878670709));
#1707=CARTESIAN_POINT('',(0.134809071846975,0.036009558739394,0.0407757760352527));
#1708=CARTESIAN_POINT('',(0.133325641727526,0.0359428920727273,0.0407757760352527));
#1709=CARTESIAN_POINT('',(0.131842211608077,0.0358762254060606,0.0407757760352527));
#1710=CARTESIAN_POINT('',(0.131100496548352,0.035809558739394,0.0394910878670709));
#1711=CARTESIAN_POINT('',(0.130358781488628,0.0357428920727273,0.038206399698889));
#1712=CARTESIAN_POINT('',(0.131100496548352,0.0356762254060606,0.0369217115307073));
#1713=CARTESIAN_POINT('',(0.131842211608077,0.0356095587393939,0.0356370233625254));
#1714=CARTESIAN_POINT('',(0.133325641727526,0.0355428920727272,0.0356370233625254));
#1715=CARTESIAN_POINT('',(0.134809071846975,0.0354762254060606,0.0356370233625254));
#1716=CARTESIAN_POINT('',(0.135550786906699,0.035409558739394,0.0369217115307073));
#1717=CARTESIAN_POINT('',(0.136292501966424,0.0353428920727273,0.038206399698889));
#1718=CARTESIAN_POINT('',(0.135550786906699,0.0352762254060606,0.0394910878670709));
#1719=CARTESIAN_POINT('',(0.134809071846975,0.0352095587393939,0.0407757760352527));
#1720=CARTESIAN_POINT('',(0.133325641727526,0.0351428920727273,0.0407757760352527));
#1721=CARTESIAN_POINT('',(0.131842211608077,0.0350762254060606,0.0407757760352527));
#1722=CARTESIAN_POINT('',(0.131100496548352,0.0350095587393939,0.0394910878670709));
#1723=CARTESIAN_POINT('',(0.130358781488628,0.0349428920727272,0.038206399698889));
#1724=CARTESIAN_POINT('',(0.131100496548352,0.0348762254060606,0.0369217115307073));
#1725=CARTESIAN_POINT('',(0.131842211608077,0.0348095587393939,0.0356370233625254));
#1726=CARTESIAN_POINT('',(0.133325641727526,0.0347428920727273,0.0356370233625254));
#1727=CARTESIAN_POINT('',(0.134809071846975,0.0346762254060606,0.0356370233625254));
#1728=CARTESIAN_POINT('',(0.135550786906699,0.0346095587393939,0.0369217115307073));
#1729=CARTESIAN_POINT('',(0.136292501966424,0.0345428920727272,0.038206399698889));
#1730=CARTESIAN_POINT('',(0.135550786906699,0.0344762254060606,0.0394910878670709));
#1731=CARTESIAN_POINT('',(0.134937496343299,0.034421101761173,0.040553338282682));
#1732=CARTESIAN_POINT('',(0.133725888814497,0.0343616933714364,0.0407444101455257));
#1733=CARTESIAN_POINT('',(0.133720224233828,0.0395513635012909,0.0357043089762968));
#1734=CARTESIAN_POINT('',(0.134914684233493,0.0394919551115542,0.0358926766546106));
#1735=CARTESIAN_POINT('',(0.135519295073834,0.0394368314666666,0.0369398933488891));
#1736=CARTESIAN_POINT('',(0.136250512855937,0.0393701648,0.038206399698889));
#1737=CARTESIAN_POINT('',(0.135519295073834,0.0393034981333334,0.0394729060488891));
#1738=CARTESIAN_POINT('',(0.134788077291732,0.0392368314666667,0.040739412398889));
#1739=CARTESIAN_POINT('',(0.133325641727526,0.0391701648,0.040739412398889));
#1740=CARTESIAN_POINT('',(0.13186320616332,0.0391034981333333,0.040739412398889));
#1741=CARTESIAN_POINT('',(0.131131988381217,0.0390368314666667,0.0394729060488891));
#1742=CARTESIAN_POINT('',(0.130400770599114,0.0389701648,0.038206399698889));
#1743=CARTESIAN_POINT('',(0.131131988381217,0.0389034981333334,0.0369398933488891));
#1744=CARTESIAN_POINT('',(0.13186320616332,0.0388368314666667,0.035673386998889));
#1745=CARTESIAN_POINT('',(0.133325641727526,0.0387701648,0.035673386998889));
#1746=CARTESIAN_POINT('',(0.134788077291732,0.0387034981333334,0.035673386998889));
#1747=CARTESIAN_POINT('',(0.135519295073834,0.0386368314666667,0.0369398933488891));
#1748=CARTESIAN_POINT('',(0.136250512855937,0.0385701648,0.038206399698889));
#1749=CARTESIAN_POINT('',(0.135519295073834,0.0385034981333333,0.0394729060488891));
#1750=CARTESIAN_POINT('',(0.134788077291732,0.0384368314666666,0.040739412398889));
#1751=CARTESIAN_POINT('',(0.133325641727526,0.0383701648,0.040739412398889));
#1752=CARTESIAN_POINT('',(0.13186320616332,0.0383034981333333,0.040739412398889));
#1753=CARTESIAN_POINT('',(0.131131988381217,0.0382368314666666,0.0394729060488891));
#1754=CARTESIAN_POINT('',(0.130400770599114,0.0381701648,0.038206399698889));
#1755=CARTESIAN_POINT('',(0.131131988381217,0.0381034981333334,0.0369398933488891));
#1756=CARTESIAN_POINT('',(0.13186320616332,0.0380368314666667,0.035673386998889));
#1757=CARTESIAN_POINT('',(0.133325641727526,0.0379701648,0.035673386998889));
#1758=CARTESIAN_POINT('',(0.134788077291732,0.0379034981333333,0.035673386998889));
#1759=CARTESIAN_POINT('',(0.135519295073834,0.0378368314666667,0.0369398933488891));
#1760=CARTESIAN_POINT('',(0.136250512855937,0.0377701648,0.038206399698889));
#1761=CARTESIAN_POINT('',(0.135519295073834,0.0377034981333334,0.0394729060488891));
#1762=CARTESIAN_POINT('',(0.134788077291732,0.0376368314666666,0.040739412398889));
#1763=CARTESIAN_POINT('',(0.133325641727526,0.0375701648,0.040739412398889));
#1764=CARTESIAN_POINT('',(0.13186320616332,0.0375034981333333,0.040739412398889));
#1765=CARTESIAN_POINT('',(0.131131988381217,0.0374368314666667,0.0394729060488891));
#1766=CARTESIAN_POINT('',(0.130400770599114,0.0373701648,0.038206399698889));
#1767=CARTESIAN_POINT('',(0.131131988381217,0.0373034981333333,0.0369398933488891));
#1768=CARTESIAN_POINT('',(0.13186320616332,0.0372368314666667,0.035673386998889));
#1769=CARTESIAN_POINT('',(0.133325641727526,0.0371701648,0.035673386998889));
#1770=CARTESIAN_POINT('',(0.134788077291732,0.0371034981333333,0.035673386998889));
#1771=CARTESIAN_POINT('',(0.135519295073834,0.0370368314666666,0.0369398933488891));
#1772=CARTESIAN_POINT('',(0.136250512855937,0.0369701648,0.038206399698889));
#1773=CARTESIAN_POINT('',(0.135519295073834,0.0369034981333334,0.0394729060488891));
#1774=CARTESIAN_POINT('',(0.134788077291732,0.0368368314666666,0.040739412398889));
#1775=CARTESIAN_POINT('',(0.133325641727526,0.0367701648,0.040739412398889));
#1776=CARTESIAN_POINT('',(0.13186320616332,0.0367034981333333,0.040739412398889));
#1777=CARTESIAN_POINT('',(0.131131988381217,0.0366368314666667,0.0394729060488891));
#1778=CARTESIAN_POINT('',(0.130400770599114,0.0365701648,0.038206399698889));
#1779=CARTESIAN_POINT('',(0.131131988381217,0.0365034981333333,0.0369398933488891));
#1780=CARTESIAN_POINT('',(0.13186320616332,0.0364368314666667,0.035673386998889));
#1781=CARTESIAN_POINT('',(0.133325641727526,0.0363701648,0.035673386998889));
#1782=CARTESIAN_POINT('',(0.134788077291732,0.0363034981333333,0.035673386998889));
#1783=CARTESIAN_POINT('',(0.135519295073834,0.0362368314666667,0.0369398933488891));
#1784=CARTESIAN_POINT('',(0.136250512855937,0.0361701648,0.038206399698889));
#1785=CARTESIAN_POINT('',(0.135519295073834,0.0361034981333333,0.0394729060488891));
#1786=CARTESIAN_POINT('',(0.134788077291732,0.0360368314666666,0.040739412398889));
#1787=CARTESIAN_POINT('',(0.133325641727526,0.0359701648,0.040739412398889));
#1788=CARTESIAN_POINT('',(0.13186320616332,0.0359034981333333,0.040739412398889));
#1789=CARTESIAN_POINT('',(0.131131988381217,0.0358368314666666,0.0394729060488891));
#1790=CARTESIAN_POINT('',(0.130400770599114,0.0357701648,0.038206399698889));
#1791=CARTESIAN_POINT('',(0.131131988381217,0.0357034981333334,0.0369398933488891));
#1792=CARTESIAN_POINT('',(0.13186320616332,0.0356368314666667,0.035673386998889));
#1793=CARTESIAN_POINT('',(0.133325641727526,0.0355701648,0.035673386998889));
#1794=CARTESIAN_POINT('',(0.134788077291732,0.0355034981333333,0.035673386998889));
#1795=CARTESIAN_POINT('',(0.135519295073834,0.0354368314666667,0.0369398933488891));
#1796=CARTESIAN_POINT('',(0.136250512855937,0.0353701648,0.038206399698889));
#1797=CARTESIAN_POINT('',(0.135519295073834,0.0353034981333333,0.0394729060488891));
#1798=CARTESIAN_POINT('',(0.134788077291732,0.0352368314666666,0.040739412398889));
#1799=CARTESIAN_POINT('',(0.133325641727526,0.0351701648,0.040739412398889));
#1800=CARTESIAN_POINT('',(0.13186320616332,0.0351034981333333,0.040739412398889));
#1801=CARTESIAN_POINT('',(0.131131988381217,0.0350368314666667,0.0394729060488891));
#1802=CARTESIAN_POINT('',(0.130400770599114,0.0349701648,0.038206399698889));
#1803=CARTESIAN_POINT('',(0.131131988381217,0.0349034981333333,0.0369398933488891));
#1804=CARTESIAN_POINT('',(0.13186320616332,0.0348368314666667,0.035673386998889));
#1805=CARTESIAN_POINT('',(0.133325641727526,0.0347701648,0.035673386998889));
#1806=CARTESIAN_POINT('',(0.134788077291732,0.0347034981333333,0.035673386998889));
#1807=CARTESIAN_POINT('',(0.135519295073834,0.0346368314666666,0.0369398933488891));
#1808=CARTESIAN_POINT('',(0.136250512855937,0.0345701648,0.038206399698889));
#1809=CARTESIAN_POINT('',(0.135519295073834,0.0345034981333334,0.0394729060488891));
#1810=CARTESIAN_POINT('',(0.134914684233493,0.0344483744884458,0.0405201227431672));
#1811=CARTESIAN_POINT('',(0.133720224233828,0.0343889660987091,0.0407084904214812));
#1812=CARTESIAN_POINT('',(0.133325641727526,0.0394201648,0.0382063996988891));
#1813=CARTESIAN_POINT('',(0.133325641727526,0.0404201648,0.0382063996988891));
#1814=CARTESIAN_POINT('',(0.133325641727526,0.0404201648,0.0382063996988891));
#1815=CARTESIAN_POINT('',(0.133325641727526,0.0404201648,0.042206399698889));
#1816=CARTESIAN_POINT('',(0.133325641727526,0.0404201648,0.0382063996988891));
#1817=CARTESIAN_POINT('',(0.133325641727526,0.0404201648,0.0382063996988891));
#1818=CARTESIAN_POINT('',(0.133325641727526,0.0404201648,0.0432063996988891));
#1819=CARTESIAN_POINT('',(0.130725,0.0034201648,0.03225));
#1820=CARTESIAN_POINT('',(0.131314739766051,0.00342016480000063,0.0336516174724039));
#1821=CARTESIAN_POINT('',(0.13088069344263,0.00342016480000063,0.0337879662553278));
#1822=CARTESIAN_POINT('',(0.129871432151653,0.00342016479999968,0.0336420724664681));
#1823=CARTESIAN_POINT('',(0.129421930286078,0.0034201648,0.0327095972062886));
#1824=CARTESIAN_POINT('',(0.129475,0.0034201648,0.03225));
#1825=CARTESIAN_POINT('',(0.129475,0.0034201648,0.03225));
#1826=CARTESIAN_POINT('',(0.131314739766051,0.00342016480000043,0.0336516174724039));
#1827=CARTESIAN_POINT('',(0.130725,0.0034201648,0.03225));
#1828=CARTESIAN_POINT('',(0.130725,0.0034201648,0.031));
#1829=CARTESIAN_POINT('',(0.132134664461314,0.0034201648,0.0328202373515625));
#1830=CARTESIAN_POINT('',(0.132268463402104,0.0034201648,0.0323824820820575));
#1831=CARTESIAN_POINT('',(0.132106866570451,0.00342016480000001,0.0313868514462694));
#1832=CARTESIAN_POINT('',(0.131175678641818,0.00342016480000011,0.0309549321360147));
#1833=CARTESIAN_POINT('',(0.130724999999999,0.00342016480000011,0.031));
#1834=CARTESIAN_POINT('',(0.132134664461314,0.0034201648,0.0328202373515625));
#1835=CARTESIAN_POINT('',(0.131314739766051,0.0034201648,0.0336516174724044));
#1836=CARTESIAN_POINT('',(0.131699593362587,0.0034201648,0.0335215553949487));
#1837=CARTESIAN_POINT('',(0.132009654487666,0.00342016480000055,0.0332015965586631));
#1838=CARTESIAN_POINT('',(0.132134664461315,0.00342016480000055,0.0328202373515627));
#1839=CARTESIAN_POINT('',(0.129492196343838,0.00140638959758524,0.0320433719637786));
#1840=CARTESIAN_POINT('',(0.129417979162524,0.00143590970019608,0.0324861735029411));
#1841=CARTESIAN_POINT('',(0.129642468245269,0.00146183146666667,0.032875));
#1842=CARTESIAN_POINT('',(0.130003312163513,0.00150349813333333,0.0335));
#1843=CARTESIAN_POINT('',(0.130725,0.0015451648,0.0335));
#1844=CARTESIAN_POINT('',(0.131446687836487,0.00158683146666667,0.0335));
#1845=CARTESIAN_POINT('',(0.131807531754731,0.00162849813333333,0.032875));
#1846=CARTESIAN_POINT('',(0.132168375672974,0.0016701648,0.03225));
#1847=CARTESIAN_POINT('',(0.131807531754731,0.00171183146666666,0.031625));
#1848=CARTESIAN_POINT('',(0.131446687836487,0.00175349813333333,0.031));
#1849=CARTESIAN_POINT('',(0.130725,0.0017951648,0.031));
#1850=CARTESIAN_POINT('',(0.130003312163513,0.00183683146666667,0.031));
#1851=CARTESIAN_POINT('',(0.129642468245269,0.00187849813333333,0.031625));
#1852=CARTESIAN_POINT('',(0.129281624327026,0.0019201648,0.03225));
#1853=CARTESIAN_POINT('',(0.129642468245269,0.00196183146666667,0.032875));
#1854=CARTESIAN_POINT('',(0.130003312163513,0.00200349813333333,0.0335));
#1855=CARTESIAN_POINT('',(0.130725,0.0020451648,0.0335));
#1856=CARTESIAN_POINT('',(0.131446687836487,0.00208683146666667,0.0335));
#1857=CARTESIAN_POINT('',(0.131807531754731,0.00212849813333333,0.032875));
#1858=CARTESIAN_POINT('',(0.132168375672974,0.0021701648,0.03225));
#1859=CARTESIAN_POINT('',(0.131807531754731,0.00221183146666666,0.031625));
#1860=CARTESIAN_POINT('',(0.131446687836487,0.00225349813333333,0.031));
#1861=CARTESIAN_POINT('',(0.130725,0.0022951648,0.031));
#1862=CARTESIAN_POINT('',(0.130003312163513,0.00233683146666667,0.031));
#1863=CARTESIAN_POINT('',(0.129642468245269,0.00237849813333333,0.031625));
#1864=CARTESIAN_POINT('',(0.129281624327026,0.0024201648,0.03225));
#1865=CARTESIAN_POINT('',(0.129642468245269,0.00246183146666667,0.032875));
#1866=CARTESIAN_POINT('',(0.130003312163513,0.00250349813333333,0.0335));
#1867=CARTESIAN_POINT('',(0.130725,0.0025451648,0.0335));
#1868=CARTESIAN_POINT('',(0.131446687836487,0.00258683146666666,0.0335));
#1869=CARTESIAN_POINT('',(0.131807531754731,0.00262849813333333,0.032875));
#1870=CARTESIAN_POINT('',(0.132168375672974,0.0026701648,0.03225));
#1871=CARTESIAN_POINT('',(0.131807531754731,0.00271183146666666,0.031625));
#1872=CARTESIAN_POINT('',(0.131446687836487,0.00275349813333333,0.031));
#1873=CARTESIAN_POINT('',(0.130725,0.0027951648,0.031));
#1874=CARTESIAN_POINT('',(0.130003312163513,0.00283683146666666,0.031));
#1875=CARTESIAN_POINT('',(0.129642468245269,0.00287849813333333,0.031625));
#1876=CARTESIAN_POINT('',(0.129281624327026,0.0029201648,0.03225));
#1877=CARTESIAN_POINT('',(0.129642468245269,0.00296183146666667,0.032875));
#1878=CARTESIAN_POINT('',(0.130003312163513,0.00300349813333334,0.0335));
#1879=CARTESIAN_POINT('',(0.130725,0.0030451648,0.0335));
#1880=CARTESIAN_POINT('',(0.131446687836487,0.00308683146666666,0.0335));
#1881=CARTESIAN_POINT('',(0.131807531754731,0.00312849813333333,0.032875));
#1882=CARTESIAN_POINT('',(0.132168375672974,0.0031701648,0.03225));
#1883=CARTESIAN_POINT('',(0.131807531754731,0.00321183146666667,0.031625));
#1884=CARTESIAN_POINT('',(0.131446687836487,0.00325349813333334,0.031));
#1885=CARTESIAN_POINT('',(0.130725,0.0032951648,0.031));
#1886=CARTESIAN_POINT('',(0.130003312163513,0.00333683146666667,0.031));
#1887=CARTESIAN_POINT('',(0.129642468245269,0.00337849813333334,0.031625));
#1888=CARTESIAN_POINT('',(0.129281624327026,0.0034201648,0.03225));
#1889=CARTESIAN_POINT('',(0.129642468245269,0.00346183146666667,0.032875));
#1890=CARTESIAN_POINT('',(0.130003312163513,0.00350349813333334,0.0335));
#1891=CARTESIAN_POINT('',(0.130725,0.0035451648,0.0335));
#1892=CARTESIAN_POINT('',(0.131087522642984,0.00356609505455144,0.0335));
#1893=CARTESIAN_POINT('',(0.131393792785889,0.00359024297025246,0.0333060379773206));
#1894=CARTESIAN_POINT('',(0.129225286523975,0.00125013959758524,0.0319986356818487));
#1895=CARTESIAN_POINT('',(0.129135000851629,0.00127965970019608,0.0325373065660296));
#1896=CARTESIAN_POINT('',(0.129408093246294,0.00130558146666667,0.03301031646875));
#1897=CARTESIAN_POINT('',(0.129847062164196,0.00134724813333333,0.0337706329375));
#1898=CARTESIAN_POINT('',(0.130725,0.0013889148,0.0337706329375));
#1899=CARTESIAN_POINT('',(0.131602937835804,0.00143058146666667,0.0337706329375));
#1900=CARTESIAN_POINT('',(0.132041906753706,0.00147224813333333,0.03301031646875));
#1901=CARTESIAN_POINT('',(0.132480875671608,0.0015139148,0.03225));
#1902=CARTESIAN_POINT('',(0.132041906753706,0.00155558146666667,0.03148968353125));
#1903=CARTESIAN_POINT('',(0.131602937835804,0.00159724813333333,0.0307293670625));
#1904=CARTESIAN_POINT('',(0.130725,0.0016389148,0.0307293670625));
#1905=CARTESIAN_POINT('',(0.129847062164196,0.00168058146666667,0.0307293670625));
#1906=CARTESIAN_POINT('',(0.129408093246294,0.00172224813333333,0.03148968353125));
#1907=CARTESIAN_POINT('',(0.128969124328392,0.0017639148,0.03225));
#1908=CARTESIAN_POINT('',(0.129408093246294,0.00180558146666667,0.03301031646875));
#1909=CARTESIAN_POINT('',(0.129847062164196,0.00184724813333333,0.0337706329375));
#1910=CARTESIAN_POINT('',(0.130725,0.0018889148,0.0337706329375));
#1911=CARTESIAN_POINT('',(0.131602937835804,0.00193058146666667,0.0337706329375));
#1912=CARTESIAN_POINT('',(0.132041906753706,0.00197224813333334,0.03301031646875));
#1913=CARTESIAN_POINT('',(0.132480875671608,0.0020139148,0.03225));
#1914=CARTESIAN_POINT('',(0.132041906753706,0.00205558146666667,0.03148968353125));
#1915=CARTESIAN_POINT('',(0.131602937835804,0.00209724813333333,0.0307293670625));
#1916=CARTESIAN_POINT('',(0.130725,0.0021389148,0.0307293670625));
#1917=CARTESIAN_POINT('',(0.129847062164196,0.00218058146666667,0.0307293670625));
#1918=CARTESIAN_POINT('',(0.129408093246294,0.00222224813333333,0.03148968353125));
#1919=CARTESIAN_POINT('',(0.128969124328392,0.0022639148,0.03225));
#1920=CARTESIAN_POINT('',(0.129408093246294,0.00230558146666667,0.03301031646875));
#1921=CARTESIAN_POINT('',(0.129847062164196,0.00234724813333333,0.0337706329375));
#1922=CARTESIAN_POINT('',(0.130725,0.0023889148,0.0337706329375));
#1923=CARTESIAN_POINT('',(0.131602937835804,0.00243058146666667,0.0337706329375));
#1924=CARTESIAN_POINT('',(0.132041906753706,0.00247224813333334,0.03301031646875));
#1925=CARTESIAN_POINT('',(0.132480875671608,0.0025139148,0.03225));
#1926=CARTESIAN_POINT('',(0.132041906753706,0.00255558146666666,0.03148968353125));
#1927=CARTESIAN_POINT('',(0.131602937835804,0.00259724813333333,0.0307293670625));
#1928=CARTESIAN_POINT('',(0.130725,0.0026389148,0.0307293670625));
#1929=CARTESIAN_POINT('',(0.129847062164196,0.00268058146666667,0.0307293670625));
#1930=CARTESIAN_POINT('',(0.129408093246294,0.00272224813333333,0.03148968353125));
#1931=CARTESIAN_POINT('',(0.128969124328392,0.0027639148,0.03225));
#1932=CARTESIAN_POINT('',(0.129408093246294,0.00280558146666667,0.03301031646875));
#1933=CARTESIAN_POINT('',(0.129847062164196,0.00284724813333333,0.0337706329375));
#1934=CARTESIAN_POINT('',(0.130725,0.0028889148,0.0337706329375));
#1935=CARTESIAN_POINT('',(0.131602937835804,0.00293058146666667,0.0337706329375));
#1936=CARTESIAN_POINT('',(0.132041906753706,0.00297224813333334,0.03301031646875));
#1937=CARTESIAN_POINT('',(0.132480875671608,0.0030139148,0.03225));
#1938=CARTESIAN_POINT('',(0.132041906753706,0.00305558146666666,0.03148968353125));
#1939=CARTESIAN_POINT('',(0.131602937835804,0.00309724813333333,0.0307293670625));
#1940=CARTESIAN_POINT('',(0.130725,0.0031389148,0.0307293670625));
#1941=CARTESIAN_POINT('',(0.129847062164196,0.00318058146666666,0.0307293670625));
#1942=CARTESIAN_POINT('',(0.129408093246294,0.00322224813333333,0.03148968353125));
#1943=CARTESIAN_POINT('',(0.128969124328392,0.0032639148,0.03225));
#1944=CARTESIAN_POINT('',(0.129408093246294,0.00330558146666667,0.03301031646875));
#1945=CARTESIAN_POINT('',(0.129847062164196,0.00334724813333333,0.0337706329375));
#1946=CARTESIAN_POINT('',(0.130725,0.0033889148,0.0337706329375));
#1947=CARTESIAN_POINT('',(0.131166011097209,0.00340984505455144,0.0337706329375));
#1948=CARTESIAN_POINT('',(0.131538590670868,0.00343399297025246,0.0335346769052517));
#1949=CARTESIAN_POINT('',(0.130725,0.0006389148,0.0307293670625));
#1950=CARTESIAN_POINT('',(0.129847062164196,0.000680581466666666,0.0307293670625));
#1951=CARTESIAN_POINT('',(0.129408093246294,0.000722248133333333,0.03148968353125));
#1952=CARTESIAN_POINT('',(0.128969124328392,0.000763914799999999,0.03225));
#1953=CARTESIAN_POINT('',(0.129408093246294,0.000805581466666666,0.03301031646875));
#1954=CARTESIAN_POINT('',(0.129847062164196,0.000847248133333333,0.0337706329375));
#1955=CARTESIAN_POINT('',(0.130725,0.0008889148,0.0337706329375));
#1956=CARTESIAN_POINT('',(0.131602937835804,0.000930581466666666,0.0337706329375));
#1957=CARTESIAN_POINT('',(0.132041906753706,0.000972248133333333,0.03301031646875));
#1958=CARTESIAN_POINT('',(0.132480875671608,0.0010139148,0.03225));
#1959=CARTESIAN_POINT('',(0.132041906753706,0.00105558146666667,0.03148968353125));
#1960=CARTESIAN_POINT('',(0.131602937835804,0.00109724813333333,0.0307293670625));
#1961=CARTESIAN_POINT('',(0.130725,0.0011389148,0.0307293670625));
#1962=CARTESIAN_POINT('',(0.129847062164196,0.00118058146666667,0.0307293670625));
#1963=CARTESIAN_POINT('',(0.129408093246294,0.00122224813333333,0.03148968353125));
#1964=CARTESIAN_POINT('',(0.128969124328392,0.0012639148,0.03225));
#1965=CARTESIAN_POINT('',(0.129408093246294,0.00130558146666667,0.03301031646875));
#1966=CARTESIAN_POINT('',(0.129847062164196,0.00134724813333333,0.0337706329375));
#1967=CARTESIAN_POINT('',(0.130725,0.0013889148,0.0337706329375));
#1968=CARTESIAN_POINT('',(0.131602937835804,0.00143058146666667,0.0337706329375));
#1969=CARTESIAN_POINT('',(0.132041906753706,0.00147224813333333,0.03301031646875));
#1970=CARTESIAN_POINT('',(0.132480875671608,0.0015139148,0.03225));
#1971=CARTESIAN_POINT('',(0.132041906753706,0.00155558146666667,0.03148968353125));
#1972=CARTESIAN_POINT('',(0.131602937835804,0.00159724813333333,0.0307293670625));
#1973=CARTESIAN_POINT('',(0.130725,0.0016389148,0.0307293670625));
#1974=CARTESIAN_POINT('',(0.129847062164196,0.00168058146666667,0.0307293670625));
#1975=CARTESIAN_POINT('',(0.129408093246294,0.00172224813333333,0.03148968353125));
#1976=CARTESIAN_POINT('',(0.128969124328392,0.0017639148,0.03225));
#1977=CARTESIAN_POINT('',(0.129408093246294,0.00180558146666667,0.03301031646875));
#1978=CARTESIAN_POINT('',(0.129847062164196,0.00184724813333333,0.0337706329375));
#1979=CARTESIAN_POINT('',(0.130725,0.0018889148,0.0337706329375));
#1980=CARTESIAN_POINT('',(0.131602937835804,0.00193058146666667,0.0337706329375));
#1981=CARTESIAN_POINT('',(0.132041906753706,0.00197224813333334,0.03301031646875));
#1982=CARTESIAN_POINT('',(0.132480875671608,0.0020139148,0.03225));
#1983=CARTESIAN_POINT('',(0.132041906753706,0.00205558146666667,0.03148968353125));
#1984=CARTESIAN_POINT('',(0.131602937835804,0.00209724813333333,0.0307293670625));
#1985=CARTESIAN_POINT('',(0.130725,0.0021389148,0.0307293670625));
#1986=CARTESIAN_POINT('',(0.129847062164196,0.00218058146666667,0.0307293670625));
#1987=CARTESIAN_POINT('',(0.129408093246294,0.00222224813333333,0.03148968353125));
#1988=CARTESIAN_POINT('',(0.128969124328392,0.0022639148,0.03225));
#1989=CARTESIAN_POINT('',(0.129408093246294,0.00230558146666667,0.03301031646875));
#1990=CARTESIAN_POINT('',(0.129847062164196,0.00234724813333333,0.0337706329375));
#1991=CARTESIAN_POINT('',(0.130725,0.0023889148,0.0337706329375));
#1992=CARTESIAN_POINT('',(0.131602937835804,0.00243058146666667,0.0337706329375));
#1993=CARTESIAN_POINT('',(0.132041906753706,0.00247224813333334,0.03301031646875));
#1994=CARTESIAN_POINT('',(0.132480875671608,0.0025139148,0.03225));
#1995=CARTESIAN_POINT('',(0.132041906753706,0.00255558146666666,0.03148968353125));
#1996=CARTESIAN_POINT('',(0.131602937835804,0.00259724813333333,0.0307293670625));
#1997=CARTESIAN_POINT('',(0.130725,0.0026389148,0.0307293670625));
#1998=CARTESIAN_POINT('',(0.129847062164196,0.00268058146666666,0.0307293670625));
#1999=CARTESIAN_POINT('',(0.129408093246294,0.00272224813333333,0.03148968353125));
#2000=CARTESIAN_POINT('',(0.128969124328392,0.0027639148,0.03225));
#2001=CARTESIAN_POINT('',(0.129408093246294,0.00280558146666667,0.03301031646875));
#2002=CARTESIAN_POINT('',(0.129847062164196,0.00284724813333333,0.0337706329375));
#2003=CARTESIAN_POINT('',(0.130725,0.0028889148,0.0337706329375));
#2004=CARTESIAN_POINT('',(0.131602937835804,0.00293058146666666,0.0337706329375));
#2005=CARTESIAN_POINT('',(0.132041906753706,0.00297224813333334,0.03301031646875));
#2006=CARTESIAN_POINT('',(0.132480875671608,0.0030139148,0.03225));
#2007=CARTESIAN_POINT('',(0.132041906753706,0.00305558146666666,0.03148968353125));
#2008=CARTESIAN_POINT('',(0.131602937835804,0.00309724813333333,0.0307293670625));
#2009=CARTESIAN_POINT('',(0.130725,0.0031389148,0.0307293670625));
#2010=CARTESIAN_POINT('',(0.129847062164196,0.00318058146666666,0.0307293670625));
#2011=CARTESIAN_POINT('',(0.129408093246294,0.00322224813333333,0.03148968353125));
#2012=CARTESIAN_POINT('',(0.128969124328392,0.0032639148,0.03225));
#2013=CARTESIAN_POINT('',(0.129408093246294,0.00330558146666667,0.03301031646875));
#2014=CARTESIAN_POINT('',(0.129847062164196,0.00334724813333333,0.0337706329375));
#2015=CARTESIAN_POINT('',(0.130725,0.0033889148,0.0337706329375));
#2016=CARTESIAN_POINT('',(0.131602937835804,0.00343058146666666,0.0337706329375));
#2017=CARTESIAN_POINT('',(0.132041906753706,0.00347224813333334,0.03301031646875));
#2018=CARTESIAN_POINT('',(0.132480875671608,0.0035139148,0.03225));
#2019=CARTESIAN_POINT('',(0.132041906753706,0.00355558146666666,0.03148968353125));
#2020=CARTESIAN_POINT('',(0.131602937835804,0.00359724813333333,0.0307293670625));
#2021=CARTESIAN_POINT('',(0.130725,0.0036389148,0.0307293670625));
#2022=CARTESIAN_POINT('',(0.129847062164196,0.00368058146666666,0.0307293670625));
#2023=CARTESIAN_POINT('',(0.129408093246294,0.00372224813333333,0.03148968353125));
#2024=CARTESIAN_POINT('',(0.128969124328392,0.0037639148,0.03225));
#2025=CARTESIAN_POINT('',(0.129408093246294,0.00380558146666667,0.03301031646875));
#2026=CARTESIAN_POINT('',(0.129847062164196,0.00384724813333333,0.0337706329375));
#2027=CARTESIAN_POINT('',(0.130725,0.0038889148,0.0337706329375));
#2028=CARTESIAN_POINT('',(0.131602937835804,0.00393058146666666,0.0337706329375));
#2029=CARTESIAN_POINT('',(0.132041906753706,0.00397224813333334,0.03301031646875));
#2030=CARTESIAN_POINT('',(0.132480875671608,0.0040139148,0.03225));
#2031=CARTESIAN_POINT('',(0.132041906753706,0.00405558146666666,0.03148968353125));
#2032=CARTESIAN_POINT('',(0.131602937835804,0.00409724813333333,0.0307293670625));
#2033=CARTESIAN_POINT('',(0.130725,0.0041389148,0.0307293670625));
#2034=CARTESIAN_POINT('',(0.131314739766044,0.0014201648,0.0336516174724069));
#2035=CARTESIAN_POINT('',(0.129475,0.0014201648,0.03225));
#2036=CARTESIAN_POINT('',(0.129422090862876,0.0014201648,0.0327082065704208));
#2037=CARTESIAN_POINT('',(0.12987210077947,0.0014201648,0.0336429693328475));
#2038=CARTESIAN_POINT('',(0.130880019129421,0.0014201648,0.0337881780801485));
#2039=CARTESIAN_POINT('',(0.131314739766044,0.0014201648,0.0336516174724069));
#2040=CARTESIAN_POINT('',(0.129475,0.0014201648,0.03225));
#2041=CARTESIAN_POINT('',(0.130725,0.0007951648,0.031));
#2042=CARTESIAN_POINT('',(0.130003312163513,0.000836831466666666,0.031));
#2043=CARTESIAN_POINT('',(0.129642468245269,0.000878498133333334,0.031625));
#2044=CARTESIAN_POINT('',(0.129281624327026,0.0009201648,0.03225));
#2045=CARTESIAN_POINT('',(0.129642468245269,0.000961831466666667,0.032875));
#2046=CARTESIAN_POINT('',(0.130003312163513,0.00100349813333333,0.0335));
#2047=CARTESIAN_POINT('',(0.130725,0.0010451648,0.0335));
#2048=CARTESIAN_POINT('',(0.131446687836487,0.00108683146666667,0.0335));
#2049=CARTESIAN_POINT('',(0.131807531754731,0.00112849813333333,0.032875));
#2050=CARTESIAN_POINT('',(0.132168375672974,0.0011701648,0.03225));
#2051=CARTESIAN_POINT('',(0.131807531754731,0.00121183146666667,0.031625));
#2052=CARTESIAN_POINT('',(0.131446687836487,0.00125349813333333,0.031));
#2053=CARTESIAN_POINT('',(0.130725,0.0012951648,0.031));
#2054=CARTESIAN_POINT('',(0.130003312163513,0.00133683146666667,0.031));
#2055=CARTESIAN_POINT('',(0.129642468245269,0.00137849813333333,0.031625));
#2056=CARTESIAN_POINT('',(0.129281624327026,0.0014201648,0.03225));
#2057=CARTESIAN_POINT('',(0.129642468245269,0.00146183146666667,0.032875));
#2058=CARTESIAN_POINT('',(0.130003312163513,0.00150349813333333,0.0335));
#2059=CARTESIAN_POINT('',(0.130725,0.0015451648,0.0335));
#2060=CARTESIAN_POINT('',(0.131446687836487,0.00158683146666667,0.0335));
#2061=CARTESIAN_POINT('',(0.131807531754731,0.00162849813333333,0.032875));
#2062=CARTESIAN_POINT('',(0.132168375672974,0.0016701648,0.03225));
#2063=CARTESIAN_POINT('',(0.131807531754731,0.00171183146666666,0.031625));
#2064=CARTESIAN_POINT('',(0.131446687836487,0.00175349813333333,0.031));
#2065=CARTESIAN_POINT('',(0.130725,0.0017951648,0.031));
#2066=CARTESIAN_POINT('',(0.130003312163513,0.00183683146666667,0.031));
#2067=CARTESIAN_POINT('',(0.129642468245269,0.00187849813333333,0.031625));
#2068=CARTESIAN_POINT('',(0.129281624327026,0.0019201648,0.03225));
#2069=CARTESIAN_POINT('',(0.129642468245269,0.00196183146666667,0.032875));
#2070=CARTESIAN_POINT('',(0.130003312163513,0.00200349813333333,0.0335));
#2071=CARTESIAN_POINT('',(0.130725,0.0020451648,0.0335));
#2072=CARTESIAN_POINT('',(0.131446687836487,0.00208683146666667,0.0335));
#2073=CARTESIAN_POINT('',(0.131807531754731,0.00212849813333333,0.032875));
#2074=CARTESIAN_POINT('',(0.132168375672974,0.0021701648,0.03225));
#2075=CARTESIAN_POINT('',(0.131807531754731,0.00221183146666666,0.031625));
#2076=CARTESIAN_POINT('',(0.131446687836487,0.00225349813333333,0.031));
#2077=CARTESIAN_POINT('',(0.130725,0.0022951648,0.031));
#2078=CARTESIAN_POINT('',(0.130003312163513,0.00233683146666667,0.031));
#2079=CARTESIAN_POINT('',(0.129642468245269,0.00237849813333333,0.031625));
#2080=CARTESIAN_POINT('',(0.129281624327026,0.0024201648,0.03225));
#2081=CARTESIAN_POINT('',(0.129642468245269,0.00246183146666667,0.032875));
#2082=CARTESIAN_POINT('',(0.130003312163513,0.00250349813333333,0.0335));
#2083=CARTESIAN_POINT('',(0.130725,0.0025451648,0.0335));
#2084=CARTESIAN_POINT('',(0.131446687836487,0.00258683146666666,0.0335));
#2085=CARTESIAN_POINT('',(0.131807531754731,0.00262849813333333,0.032875));
#2086=CARTESIAN_POINT('',(0.132168375672974,0.0026701648,0.03225));
#2087=CARTESIAN_POINT('',(0.131807531754731,0.00271183146666666,0.031625));
#2088=CARTESIAN_POINT('',(0.131446687836487,0.00275349813333333,0.031));
#2089=CARTESIAN_POINT('',(0.130725,0.0027951648,0.031));
#2090=CARTESIAN_POINT('',(0.130003312163513,0.00283683146666666,0.031));
#2091=CARTESIAN_POINT('',(0.129642468245269,0.00287849813333333,0.031625));
#2092=CARTESIAN_POINT('',(0.129281624327026,0.0029201648,0.03225));
#2093=CARTESIAN_POINT('',(0.129642468245269,0.00296183146666667,0.032875));
#2094=CARTESIAN_POINT('',(0.130003312163513,0.00300349813333334,0.0335));
#2095=CARTESIAN_POINT('',(0.130725,0.0030451648,0.0335));
#2096=CARTESIAN_POINT('',(0.131446687836487,0.00308683146666666,0.0335));
#2097=CARTESIAN_POINT('',(0.131807531754731,0.00312849813333333,0.032875));
#2098=CARTESIAN_POINT('',(0.132168375672974,0.0031701648,0.03225));
#2099=CARTESIAN_POINT('',(0.131807531754731,0.00321183146666667,0.031625));
#2100=CARTESIAN_POINT('',(0.131446687836487,0.00325349813333334,0.031));
#2101=CARTESIAN_POINT('',(0.130725,0.0032951648,0.031));
#2102=CARTESIAN_POINT('',(0.130003312163513,0.00333683146666667,0.031));
#2103=CARTESIAN_POINT('',(0.129642468245269,0.00337849813333334,0.031625));
#2104=CARTESIAN_POINT('',(0.129281624327026,0.0034201648,0.03225));
#2105=CARTESIAN_POINT('',(0.129642468245269,0.00346183146666667,0.032875));
#2106=CARTESIAN_POINT('',(0.130003312163513,0.00350349813333334,0.0335));
#2107=CARTESIAN_POINT('',(0.130725,0.0035451648,0.0335));
#2108=CARTESIAN_POINT('',(0.131446687836487,0.00358683146666666,0.0335));
#2109=CARTESIAN_POINT('',(0.131807531754731,0.00362849813333333,0.032875));
#2110=CARTESIAN_POINT('',(0.132168375672974,0.0036701648,0.03225));
#2111=CARTESIAN_POINT('',(0.131807531754731,0.00371183146666667,0.031625));
#2112=CARTESIAN_POINT('',(0.131446687836487,0.00375349813333334,0.031));
#2113=CARTESIAN_POINT('',(0.130725,0.0037951648,0.031));
#2114=CARTESIAN_POINT('',(0.130003312163513,0.00383683146666667,0.031));
#2115=CARTESIAN_POINT('',(0.129642468245269,0.00387849813333334,0.031625));
#2116=CARTESIAN_POINT('',(0.129281624327026,0.0039201648,0.03225));
#2117=CARTESIAN_POINT('',(0.129642468245269,0.00396183146666666,0.032875));
#2118=CARTESIAN_POINT('',(0.130003312163513,0.00400349813333333,0.0335));
#2119=CARTESIAN_POINT('',(0.130725,0.0040451648,0.0335));
#2120=CARTESIAN_POINT('',(0.131446687836487,0.00408683146666667,0.0335));
#2121=CARTESIAN_POINT('',(0.131807531754731,0.00412849813333334,0.032875));
#2122=CARTESIAN_POINT('',(0.132168375672974,0.0041701648,0.03225));
#2123=CARTESIAN_POINT('',(0.131807531754731,0.00421183146666666,0.031625));
#2124=CARTESIAN_POINT('',(0.131446687836487,0.00425349813333333,0.031));
#2125=CARTESIAN_POINT('',(0.130725,0.0042951648,0.031));
#2126=CARTESIAN_POINT('',(0.130725,0.0014201648,0.03225));
#2127=CARTESIAN_POINT('',(0.130725,0.0014201648,0.03225));
#2128=CARTESIAN_POINT('',(0.130725,0.0014201648,0.031));
#2129=CARTESIAN_POINT('',(0.130725,0.0004201648,0.031));
#2130=CARTESIAN_POINT('',(0.130003312163513,0.000461831466666666,0.031));
#2131=CARTESIAN_POINT('',(0.129642468245269,0.000503498133333333,0.031625));
#2132=CARTESIAN_POINT('',(0.129281624327026,0.0005451648,0.03225));
#2133=CARTESIAN_POINT('',(0.129642468245269,0.000586831466666666,0.032875));
#2134=CARTESIAN_POINT('',(0.130003312163513,0.000628498133333333,0.0335));
#2135=CARTESIAN_POINT('',(0.130725,0.0006701648,0.0335));
#2136=CARTESIAN_POINT('',(0.131446687836487,0.000711831466666666,0.0335));
#2137=CARTESIAN_POINT('',(0.131807531754731,0.000753498133333333,0.032875));
#2138=CARTESIAN_POINT('',(0.132168375672974,0.000795164799999999,0.03225));
#2139=CARTESIAN_POINT('',(0.131807531754731,0.000836831466666666,0.031625));
#2140=CARTESIAN_POINT('',(0.131446687836487,0.000878498133333332,0.031));
#2141=CARTESIAN_POINT('',(0.130725,0.0009201648,0.031));
#2142=CARTESIAN_POINT('',(0.130003312163513,0.000961831466666666,0.031));
#2143=CARTESIAN_POINT('',(0.129642468245269,0.00100349813333333,0.031625));
#2144=CARTESIAN_POINT('',(0.129281624327026,0.0010451648,0.03225));
#2145=CARTESIAN_POINT('',(0.129642468245269,0.00108683146666667,0.032875));
#2146=CARTESIAN_POINT('',(0.130003312163513,0.00112849813333333,0.0335));
#2147=CARTESIAN_POINT('',(0.130725,0.0011701648,0.0335));
#2148=CARTESIAN_POINT('',(0.131446687836487,0.00121183146666667,0.0335));
#2149=CARTESIAN_POINT('',(0.131807531754731,0.00125349813333333,0.032875));
#2150=CARTESIAN_POINT('',(0.132168375672974,0.0012951648,0.03225));
#2151=CARTESIAN_POINT('',(0.131807531754731,0.00133683146666667,0.031625));
#2152=CARTESIAN_POINT('',(0.131446687836487,0.00137849813333333,0.031));
#2153=CARTESIAN_POINT('',(0.130725,0.0014201648,0.031));
#2154=CARTESIAN_POINT('',(0.130003312163513,0.00146183146666667,0.031));
#2155=CARTESIAN_POINT('',(0.129642468245269,0.00150349813333333,0.031625));
#2156=CARTESIAN_POINT('',(0.129281624327026,0.0015451648,0.03225));
#2157=CARTESIAN_POINT('',(0.129642468245269,0.00158683146666667,0.032875));
#2158=CARTESIAN_POINT('',(0.130003312163513,0.00162849813333333,0.0335));
#2159=CARTESIAN_POINT('',(0.130725,0.0016701648,0.0335));
#2160=CARTESIAN_POINT('',(0.131446687836487,0.00171183146666667,0.0335));
#2161=CARTESIAN_POINT('',(0.131807531754731,0.00175349813333333,0.032875));
#2162=CARTESIAN_POINT('',(0.132168375672974,0.0017951648,0.03225));
#2163=CARTESIAN_POINT('',(0.131807531754731,0.00183683146666667,0.031625));
#2164=CARTESIAN_POINT('',(0.131446687836487,0.00187849813333333,0.031));
#2165=CARTESIAN_POINT('',(0.130725,0.0019201648,0.031));
#2166=CARTESIAN_POINT('',(0.130003312163513,0.00196183146666667,0.031));
#2167=CARTESIAN_POINT('',(0.129642468245269,0.00200349813333334,0.031625));
#2168=CARTESIAN_POINT('',(0.129281624327026,0.0020451648,0.03225));
#2169=CARTESIAN_POINT('',(0.129642468245269,0.00208683146666666,0.032875));
#2170=CARTESIAN_POINT('',(0.130003312163513,0.00212849813333333,0.0335));
#2171=CARTESIAN_POINT('',(0.130725,0.0021701648,0.0335));
#2172=CARTESIAN_POINT('',(0.131446687836487,0.00221183146666666,0.0335));
#2173=CARTESIAN_POINT('',(0.131807531754731,0.00225349813333333,0.032875));
#2174=CARTESIAN_POINT('',(0.132168375672974,0.0022951648,0.03225));
#2175=CARTESIAN_POINT('',(0.131807531754731,0.00233683146666667,0.031625));
#2176=CARTESIAN_POINT('',(0.131446687836487,0.00237849813333333,0.031));
#2177=CARTESIAN_POINT('',(0.130725,0.0024201648,0.031));
#2178=CARTESIAN_POINT('',(0.130003312163513,0.00246183146666666,0.031));
#2179=CARTESIAN_POINT('',(0.129642468245269,0.00250349813333334,0.031625));
#2180=CARTESIAN_POINT('',(0.129281624327026,0.0025451648,0.03225));
#2181=CARTESIAN_POINT('',(0.129642468245269,0.00258683146666666,0.032875));
#2182=CARTESIAN_POINT('',(0.130003312163513,0.00262849813333333,0.0335));
#2183=CARTESIAN_POINT('',(0.130725,0.0026701648,0.0335));
#2184=CARTESIAN_POINT('',(0.131446687836487,0.00271183146666666,0.0335));
#2185=CARTESIAN_POINT('',(0.131807531754731,0.00275349813333333,0.032875));
#2186=CARTESIAN_POINT('',(0.132168375672974,0.0027951648,0.03225));
#2187=CARTESIAN_POINT('',(0.131807531754731,0.00283683146666667,0.031625));
#2188=CARTESIAN_POINT('',(0.131446687836487,0.00287849813333333,0.031));
#2189=CARTESIAN_POINT('',(0.130725,0.0029201648,0.031));
#2190=CARTESIAN_POINT('',(0.130003312163513,0.00296183146666666,0.031));
#2191=CARTESIAN_POINT('',(0.129642468245269,0.00300349813333334,0.031625));
#2192=CARTESIAN_POINT('',(0.129281624327026,0.0030451648,0.03225));
#2193=CARTESIAN_POINT('',(0.129642468245269,0.00308683146666666,0.032875));
#2194=CARTESIAN_POINT('',(0.130003312163513,0.00312849813333334,0.0335));
#2195=CARTESIAN_POINT('',(0.130725,0.0031701648,0.0335));
#2196=CARTESIAN_POINT('',(0.131446687836487,0.00321183146666666,0.0335));
#2197=CARTESIAN_POINT('',(0.131807531754731,0.00325349813333333,0.032875));
#2198=CARTESIAN_POINT('',(0.132168375672974,0.0032951648,0.03225));
#2199=CARTESIAN_POINT('',(0.131807531754731,0.00333683146666667,0.031625));
#2200=CARTESIAN_POINT('',(0.131446687836487,0.00337849813333333,0.031));
#2201=CARTESIAN_POINT('',(0.130725,0.0034201648,0.031));
#2202=CARTESIAN_POINT('',(0.130003312163513,0.00346183146666667,0.031));
#2203=CARTESIAN_POINT('',(0.129642468245269,0.00350349813333334,0.031625));
#2204=CARTESIAN_POINT('',(0.129281624327026,0.0035451648,0.03225));
#2205=CARTESIAN_POINT('',(0.129642468245269,0.00358683146666666,0.032875));
#2206=CARTESIAN_POINT('',(0.130003312163513,0.00362849813333333,0.0335));
#2207=CARTESIAN_POINT('',(0.130725,0.0036701648,0.0335));
#2208=CARTESIAN_POINT('',(0.131446687836487,0.00371183146666667,0.0335));
#2209=CARTESIAN_POINT('',(0.131807531754731,0.00375349813333333,0.032875));
#2210=CARTESIAN_POINT('',(0.132168375672974,0.0037951648,0.03225));
#2211=CARTESIAN_POINT('',(0.131807531754731,0.00383683146666667,0.031625));
#2212=CARTESIAN_POINT('',(0.131446687836487,0.00387849813333333,0.031));
#2213=CARTESIAN_POINT('',(0.130725,0.0039201648,0.031));
#2214=CARTESIAN_POINT('',(0.132027731851624,0.00140841669405822,0.033034355948135));
#2215=CARTESIAN_POINT('',(0.132034929603484,0.00140908586641482,0.0330224012474265));
#2216=CARTESIAN_POINT('',(0.132041906753706,0.00140974813333333,0.03301031646875));
#2217=CARTESIAN_POINT('',(0.132480875671608,0.0014514148,0.03225));
#2218=CARTESIAN_POINT('',(0.132041906753706,0.00149308146666667,0.03148968353125));
#2219=CARTESIAN_POINT('',(0.131602937835804,0.00153474813333333,0.0307293670625));
#2220=CARTESIAN_POINT('',(0.130725,0.0015764148,0.0307293670625));
#2221=CARTESIAN_POINT('',(0.129847062164196,0.00161808146666667,0.0307293670625));
#2222=CARTESIAN_POINT('',(0.129408093246294,0.00165974813333333,0.03148968353125));
#2223=CARTESIAN_POINT('',(0.128969124328392,0.0017014148,0.03225));
#2224=CARTESIAN_POINT('',(0.129408093246294,0.00174308146666667,0.03301031646875));
#2225=CARTESIAN_POINT('',(0.129847062164196,0.00178474813333334,0.0337706329375));
#2226=CARTESIAN_POINT('',(0.130725,0.0018264148,0.0337706329375));
#2227=CARTESIAN_POINT('',(0.131602937835804,0.00186808146666666,0.0337706329375));
#2228=CARTESIAN_POINT('',(0.132041906753706,0.00190974813333333,0.03301031646875));
#2229=CARTESIAN_POINT('',(0.132480875671608,0.0019514148,0.03225));
#2230=CARTESIAN_POINT('',(0.132041906753706,0.00199308146666667,0.03148968353125));
#2231=CARTESIAN_POINT('',(0.131602937835804,0.00203474813333334,0.0307293670625));
#2232=CARTESIAN_POINT('',(0.130725,0.0020764148,0.0307293670625));
#2233=CARTESIAN_POINT('',(0.129847062164196,0.00211808146666666,0.0307293670625));
#2234=CARTESIAN_POINT('',(0.129408093246294,0.00215974813333333,0.03148968353125));
#2235=CARTESIAN_POINT('',(0.128969124328392,0.0022014148,0.03225));
#2236=CARTESIAN_POINT('',(0.129408093246294,0.00224308146666667,0.03301031646875));
#2237=CARTESIAN_POINT('',(0.129847062164196,0.00228474813333334,0.0337706329375));
#2238=CARTESIAN_POINT('',(0.130725,0.0023264148,0.0337706329375));
#2239=CARTESIAN_POINT('',(0.131602937835804,0.00236808146666667,0.0337706329375));
#2240=CARTESIAN_POINT('',(0.132041906753706,0.00240974813333334,0.03301031646875));
#2241=CARTESIAN_POINT('',(0.132480875671608,0.0024514148,0.03225));
#2242=CARTESIAN_POINT('',(0.132041906753706,0.00249308146666667,0.03148968353125));
#2243=CARTESIAN_POINT('',(0.131602937835804,0.00253474813333334,0.0307293670625));
#2244=CARTESIAN_POINT('',(0.130725,0.0025764148,0.0307293670625));
#2245=CARTESIAN_POINT('',(0.129847062164196,0.00261808146666667,0.0307293670625));
#2246=CARTESIAN_POINT('',(0.129408093246294,0.00265974813333333,0.03148968353125));
#2247=CARTESIAN_POINT('',(0.128969124328392,0.0027014148,0.03225));
#2248=CARTESIAN_POINT('',(0.129408093246294,0.00274308146666667,0.03301031646875));
#2249=CARTESIAN_POINT('',(0.129847062164196,0.00278474813333334,0.0337706329375));
#2250=CARTESIAN_POINT('',(0.130725,0.0028264148,0.0337706329375));
#2251=CARTESIAN_POINT('',(0.131602937835804,0.00286808146666667,0.0337706329375));
#2252=CARTESIAN_POINT('',(0.132041906753706,0.00290974813333334,0.03301031646875));
#2253=CARTESIAN_POINT('',(0.132480875671608,0.0029514148,0.03225));
#2254=CARTESIAN_POINT('',(0.132041906753706,0.00299308146666667,0.03148968353125));
#2255=CARTESIAN_POINT('',(0.131602937835804,0.00303474813333333,0.0307293670625));
#2256=CARTESIAN_POINT('',(0.130725,0.0030764148,0.0307293670625));
#2257=CARTESIAN_POINT('',(0.129847062164196,0.00311808146666667,0.0307293670625));
#2258=CARTESIAN_POINT('',(0.129408093246294,0.00315974813333333,0.03148968353125));
#2259=CARTESIAN_POINT('',(0.128969124328392,0.0032014148,0.03225));
#2260=CARTESIAN_POINT('',(0.129408093246294,0.00324308146666667,0.03301031646875));
#2261=CARTESIAN_POINT('',(0.129847062164196,0.00328474813333333,0.0337706329375));
#2262=CARTESIAN_POINT('',(0.130725,0.0033264148,0.0337706329375));
#2263=CARTESIAN_POINT('',(0.131602937835804,0.00336808146666667,0.0337706329375));
#2264=CARTESIAN_POINT('',(0.132041906753706,0.00340974813333334,0.03301031646875));
#2265=CARTESIAN_POINT('',(0.132480875671608,0.0034514148,0.03225));
#2266=CARTESIAN_POINT('',(0.132041906753706,0.00349308146666667,0.03148968353125));
#2267=CARTESIAN_POINT('',(0.131602937835804,0.00353474813333333,0.0307293670625));
#2268=CARTESIAN_POINT('',(0.130725,0.0035764148,0.0307293670625));
#2269=CARTESIAN_POINT('',(0.130604510032202,0.00358213321777422,0.0307293670625));
#2270=CARTESIAN_POINT('',(0.130485523606869,0.00358830021827896,0.0307483423866464));
#2271=CARTESIAN_POINT('',(0.13179587961491,0.00125216669405822,0.0328947610800676));
#2272=CARTESIAN_POINT('',(0.131801796354975,0.00125283586641482,0.0328849340037777));
#2273=CARTESIAN_POINT('',(0.131807531754731,0.00125349813333333,0.032875));
#2274=CARTESIAN_POINT('',(0.132168375672974,0.0012951648,0.03225));
#2275=CARTESIAN_POINT('',(0.131807531754731,0.00133683146666667,0.031625));
#2276=CARTESIAN_POINT('',(0.131446687836487,0.00137849813333333,0.031));
#2277=CARTESIAN_POINT('',(0.130725,0.0014201648,0.031));
#2278=CARTESIAN_POINT('',(0.130003312163513,0.00146183146666667,0.031));
#2279=CARTESIAN_POINT('',(0.129642468245269,0.00150349813333333,0.031625));
#2280=CARTESIAN_POINT('',(0.129281624327026,0.0015451648,0.03225));
#2281=CARTESIAN_POINT('',(0.129642468245269,0.00158683146666667,0.032875));
#2282=CARTESIAN_POINT('',(0.130003312163513,0.00162849813333333,0.0335));
#2283=CARTESIAN_POINT('',(0.130725,0.0016701648,0.0335));
#2284=CARTESIAN_POINT('',(0.131446687836487,0.00171183146666667,0.0335));
#2285=CARTESIAN_POINT('',(0.131807531754731,0.00175349813333333,0.032875));
#2286=CARTESIAN_POINT('',(0.132168375672974,0.0017951648,0.03225));
#2287=CARTESIAN_POINT('',(0.131807531754731,0.00183683146666667,0.031625));
#2288=CARTESIAN_POINT('',(0.131446687836487,0.00187849813333333,0.031));
#2289=CARTESIAN_POINT('',(0.130725,0.0019201648,0.031));
#2290=CARTESIAN_POINT('',(0.130003312163513,0.00196183146666667,0.031));
#2291=CARTESIAN_POINT('',(0.129642468245269,0.00200349813333334,0.031625));
#2292=CARTESIAN_POINT('',(0.129281624327026,0.0020451648,0.03225));
#2293=CARTESIAN_POINT('',(0.129642468245269,0.00208683146666666,0.032875));
#2294=CARTESIAN_POINT('',(0.130003312163513,0.00212849813333333,0.0335));
#2295=CARTESIAN_POINT('',(0.130725,0.0021701648,0.0335));
#2296=CARTESIAN_POINT('',(0.131446687836487,0.00221183146666666,0.0335));
#2297=CARTESIAN_POINT('',(0.131807531754731,0.00225349813333333,0.032875));
#2298=CARTESIAN_POINT('',(0.132168375672974,0.0022951648,0.03225));
#2299=CARTESIAN_POINT('',(0.131807531754731,0.00233683146666667,0.031625));
#2300=CARTESIAN_POINT('',(0.131446687836487,0.00237849813333333,0.031));
#2301=CARTESIAN_POINT('',(0.130725,0.0024201648,0.031));
#2302=CARTESIAN_POINT('',(0.130003312163513,0.00246183146666666,0.031));
#2303=CARTESIAN_POINT('',(0.129642468245269,0.00250349813333334,0.031625));
#2304=CARTESIAN_POINT('',(0.129281624327026,0.0025451648,0.03225));
#2305=CARTESIAN_POINT('',(0.129642468245269,0.00258683146666666,0.032875));
#2306=CARTESIAN_POINT('',(0.130003312163513,0.00262849813333333,0.0335));
#2307=CARTESIAN_POINT('',(0.130725,0.0026701648,0.0335));
#2308=CARTESIAN_POINT('',(0.131446687836487,0.00271183146666666,0.0335));
#2309=CARTESIAN_POINT('',(0.131807531754731,0.00275349813333333,0.032875));
#2310=CARTESIAN_POINT('',(0.132168375672974,0.0027951648,0.03225));
#2311=CARTESIAN_POINT('',(0.131807531754731,0.00283683146666667,0.031625));
#2312=CARTESIAN_POINT('',(0.131446687836487,0.00287849813333333,0.031));
#2313=CARTESIAN_POINT('',(0.130725,0.0029201648,0.031));
#2314=CARTESIAN_POINT('',(0.130003312163513,0.00296183146666666,0.031));
#2315=CARTESIAN_POINT('',(0.129642468245269,0.00300349813333334,0.031625));
#2316=CARTESIAN_POINT('',(0.129281624327026,0.0030451648,0.03225));
#2317=CARTESIAN_POINT('',(0.129642468245269,0.00308683146666666,0.032875));
#2318=CARTESIAN_POINT('',(0.130003312163513,0.00312849813333334,0.0335));
#2319=CARTESIAN_POINT('',(0.130725,0.0031701648,0.0335));
#2320=CARTESIAN_POINT('',(0.131446687836487,0.00321183146666666,0.0335));
#2321=CARTESIAN_POINT('',(0.131807531754731,0.00325349813333333,0.032875));
#2322=CARTESIAN_POINT('',(0.132168375672974,0.0032951648,0.03225));
#2323=CARTESIAN_POINT('',(0.131807531754731,0.00333683146666667,0.031625));
#2324=CARTESIAN_POINT('',(0.131446687836487,0.00337849813333333,0.031));
#2325=CARTESIAN_POINT('',(0.130725,0.0034201648,0.031));
#2326=CARTESIAN_POINT('',(0.130625954098762,0.00342588321777422,0.031));
#2327=CARTESIAN_POINT('',(0.130528144148708,0.00343205021827896,0.0310155982121642));
#2328=CARTESIAN_POINT('',(0.132134664461315,0.00142016480000002,0.0328202373515617));
#2329=CARTESIAN_POINT('',(0.132268463402104,0.00142016480000002,0.0323824820820568));
#2330=CARTESIAN_POINT('',(0.132106866570451,0.0014201648,0.0313868514462684));
#2331=CARTESIAN_POINT('',(0.131175678641818,0.00142016480000011,0.0309549321360147));
#2332=CARTESIAN_POINT('',(0.130724999999999,0.00142016480000011,0.031));
#2333=CARTESIAN_POINT('',(0.132134664461314,0.0014201648,0.0328202373515625));
#2334=CARTESIAN_POINT('',(0.130725,0.0005764148,0.0307293670625));
#2335=CARTESIAN_POINT('',(0.129847062164196,0.000618081466666666,0.0307293670625));
#2336=CARTESIAN_POINT('',(0.129408093246294,0.000659748133333334,0.03148968353125));
#2337=CARTESIAN_POINT('',(0.128969124328392,0.000701414800000001,0.03225));
#2338=CARTESIAN_POINT('',(0.129408093246294,0.000743081466666667,0.03301031646875));
#2339=CARTESIAN_POINT('',(0.129847062164196,0.000784748133333334,0.0337706329375));
#2340=CARTESIAN_POINT('',(0.130725,0.0008264148,0.0337706329375));
#2341=CARTESIAN_POINT('',(0.131602937835804,0.000868081466666667,0.0337706329375));
#2342=CARTESIAN_POINT('',(0.132041906753706,0.000909748133333334,0.03301031646875));
#2343=CARTESIAN_POINT('',(0.132480875671608,0.0009514148,0.03225));
#2344=CARTESIAN_POINT('',(0.132041906753706,0.000993081466666667,0.03148968353125));
#2345=CARTESIAN_POINT('',(0.131602937835804,0.00103474813333333,0.0307293670625));
#2346=CARTESIAN_POINT('',(0.130725,0.0010764148,0.0307293670625));
#2347=CARTESIAN_POINT('',(0.129847062164196,0.00111808146666667,0.0307293670625));
#2348=CARTESIAN_POINT('',(0.129408093246294,0.00115974813333333,0.03148968353125));
#2349=CARTESIAN_POINT('',(0.128969124328392,0.0012014148,0.03225));
#2350=CARTESIAN_POINT('',(0.129408093246294,0.00124308146666667,0.03301031646875));
#2351=CARTESIAN_POINT('',(0.129847062164196,0.00128474813333333,0.0337706329375));
#2352=CARTESIAN_POINT('',(0.130725,0.0013264148,0.0337706329375));
#2353=CARTESIAN_POINT('',(0.131602937835804,0.00136808146666667,0.0337706329375));
#2354=CARTESIAN_POINT('',(0.132041906753706,0.00140974813333333,0.03301031646875));
#2355=CARTESIAN_POINT('',(0.132480875671608,0.0014514148,0.03225));
#2356=CARTESIAN_POINT('',(0.132041906753706,0.00149308146666667,0.03148968353125));
#2357=CARTESIAN_POINT('',(0.131602937835804,0.00153474813333333,0.0307293670625));
#2358=CARTESIAN_POINT('',(0.130725,0.0015764148,0.0307293670625));
#2359=CARTESIAN_POINT('',(0.129847062164196,0.00161808146666667,0.0307293670625));
#2360=CARTESIAN_POINT('',(0.129408093246294,0.00165974813333333,0.03148968353125));
#2361=CARTESIAN_POINT('',(0.128969124328392,0.0017014148,0.03225));
#2362=CARTESIAN_POINT('',(0.129408093246294,0.00174308146666667,0.03301031646875));
#2363=CARTESIAN_POINT('',(0.129847062164196,0.00178474813333334,0.0337706329375));
#2364=CARTESIAN_POINT('',(0.130725,0.0018264148,0.0337706329375));
#2365=CARTESIAN_POINT('',(0.131602937835804,0.00186808146666666,0.0337706329375));
#2366=CARTESIAN_POINT('',(0.132041906753706,0.00190974813333333,0.03301031646875));
#2367=CARTESIAN_POINT('',(0.132480875671608,0.0019514148,0.03225));
#2368=CARTESIAN_POINT('',(0.132041906753706,0.00199308146666667,0.03148968353125));
#2369=CARTESIAN_POINT('',(0.131602937835804,0.00203474813333334,0.0307293670625));
#2370=CARTESIAN_POINT('',(0.130725,0.0020764148,0.0307293670625));
#2371=CARTESIAN_POINT('',(0.129847062164196,0.00211808146666666,0.0307293670625));
#2372=CARTESIAN_POINT('',(0.129408093246294,0.00215974813333333,0.03148968353125));
#2373=CARTESIAN_POINT('',(0.128969124328392,0.0022014148,0.03225));
#2374=CARTESIAN_POINT('',(0.129408093246294,0.00224308146666667,0.03301031646875));
#2375=CARTESIAN_POINT('',(0.129847062164196,0.00228474813333334,0.0337706329375));
#2376=CARTESIAN_POINT('',(0.130725,0.0023264148,0.0337706329375));
#2377=CARTESIAN_POINT('',(0.131602937835804,0.00236808146666667,0.0337706329375));
#2378=CARTESIAN_POINT('',(0.132041906753706,0.00240974813333334,0.03301031646875));
#2379=CARTESIAN_POINT('',(0.132480875671608,0.0024514148,0.03225));
#2380=CARTESIAN_POINT('',(0.132041906753706,0.00249308146666667,0.03148968353125));
#2381=CARTESIAN_POINT('',(0.131602937835804,0.00253474813333334,0.0307293670625));
#2382=CARTESIAN_POINT('',(0.130725,0.0025764148,0.0307293670625));
#2383=CARTESIAN_POINT('',(0.129847062164196,0.00261808146666667,0.0307293670625));
#2384=CARTESIAN_POINT('',(0.129408093246294,0.00265974813333333,0.03148968353125));
#2385=CARTESIAN_POINT('',(0.128969124328392,0.0027014148,0.03225));
#2386=CARTESIAN_POINT('',(0.129408093246294,0.00274308146666667,0.03301031646875));
#2387=CARTESIAN_POINT('',(0.129847062164196,0.00278474813333334,0.0337706329375));
#2388=CARTESIAN_POINT('',(0.130725,0.0028264148,0.0337706329375));
#2389=CARTESIAN_POINT('',(0.131602937835804,0.00286808146666667,0.0337706329375));
#2390=CARTESIAN_POINT('',(0.132041906753706,0.00290974813333334,0.03301031646875));
#2391=CARTESIAN_POINT('',(0.132480875671608,0.0029514148,0.03225));
#2392=CARTESIAN_POINT('',(0.132041906753706,0.00299308146666667,0.03148968353125));
#2393=CARTESIAN_POINT('',(0.131602937835804,0.00303474813333333,0.0307293670625));
#2394=CARTESIAN_POINT('',(0.130725,0.0030764148,0.0307293670625));
#2395=CARTESIAN_POINT('',(0.129847062164196,0.00311808146666667,0.0307293670625));
#2396=CARTESIAN_POINT('',(0.129408093246294,0.00315974813333333,0.03148968353125));
#2397=CARTESIAN_POINT('',(0.128969124328392,0.0032014148,0.03225));
#2398=CARTESIAN_POINT('',(0.129408093246294,0.00324308146666667,0.03301031646875));
#2399=CARTESIAN_POINT('',(0.129847062164196,0.00328474813333333,0.0337706329375));
#2400=CARTESIAN_POINT('',(0.130725,0.0033264148,0.0337706329375));
#2401=CARTESIAN_POINT('',(0.131602937835804,0.00336808146666667,0.0337706329375));
#2402=CARTESIAN_POINT('',(0.132041906753706,0.00340974813333334,0.03301031646875));
#2403=CARTESIAN_POINT('',(0.132480875671608,0.0034514148,0.03225));
#2404=CARTESIAN_POINT('',(0.132041906753706,0.00349308146666667,0.03148968353125));
#2405=CARTESIAN_POINT('',(0.131602937835804,0.00353474813333333,0.0307293670625));
#2406=CARTESIAN_POINT('',(0.130725,0.0035764148,0.0307293670625));
#2407=CARTESIAN_POINT('',(0.129847062164196,0.00361808146666667,0.0307293670625));
#2408=CARTESIAN_POINT('',(0.129408093246294,0.00365974813333333,0.03148968353125));
#2409=CARTESIAN_POINT('',(0.128969124328392,0.0037014148,0.03225));
#2410=CARTESIAN_POINT('',(0.129408093246294,0.00374308146666667,0.03301031646875));
#2411=CARTESIAN_POINT('',(0.129847062164196,0.00378474813333333,0.0337706329375));
#2412=CARTESIAN_POINT('',(0.130725,0.0038264148,0.0337706329375));
#2413=CARTESIAN_POINT('',(0.131602937835804,0.00386808146666667,0.0337706329375));
#2414=CARTESIAN_POINT('',(0.132041906753706,0.00390974813333334,0.03301031646875));
#2415=CARTESIAN_POINT('',(0.132480875671608,0.0039514148,0.03225));
#2416=CARTESIAN_POINT('',(0.132041906753706,0.00399308146666666,0.03148968353125));
#2417=CARTESIAN_POINT('',(0.131602937835804,0.00403474813333333,0.0307293670625));
#2418=CARTESIAN_POINT('',(0.130725,0.0040764148,0.0307293670625));
#2419=CARTESIAN_POINT('',(0.131087667923845,0.00140732928656004,0.0337267520129066));
#2420=CARTESIAN_POINT('',(0.131717587894711,0.00144146398156233,0.0335720532103819));
#2421=CARTESIAN_POINT('',(0.132041906753706,0.00147224813333333,0.03301031646875));
#2422=CARTESIAN_POINT('',(0.132480875671608,0.0015139148,0.03225));
#2423=CARTESIAN_POINT('',(0.132041906753706,0.00155558146666667,0.03148968353125));
#2424=CARTESIAN_POINT('',(0.131602937835804,0.00159724813333333,0.0307293670625));
#2425=CARTESIAN_POINT('',(0.130725,0.0016389148,0.0307293670625));
#2426=CARTESIAN_POINT('',(0.129847062164196,0.00168058146666667,0.0307293670625));
#2427=CARTESIAN_POINT('',(0.129408093246294,0.00172224813333333,0.03148968353125));
#2428=CARTESIAN_POINT('',(0.128969124328392,0.0017639148,0.03225));
#2429=CARTESIAN_POINT('',(0.129408093246294,0.00180558146666667,0.03301031646875));
#2430=CARTESIAN_POINT('',(0.129847062164196,0.00184724813333333,0.0337706329375));
#2431=CARTESIAN_POINT('',(0.130725,0.0018889148,0.0337706329375));
#2432=CARTESIAN_POINT('',(0.131602937835804,0.00193058146666667,0.0337706329375));
#2433=CARTESIAN_POINT('',(0.132041906753706,0.00197224813333334,0.03301031646875));
#2434=CARTESIAN_POINT('',(0.132480875671608,0.0020139148,0.03225));
#2435=CARTESIAN_POINT('',(0.132041906753706,0.00205558146666667,0.03148968353125));
#2436=CARTESIAN_POINT('',(0.131602937835804,0.00209724813333333,0.0307293670625));
#2437=CARTESIAN_POINT('',(0.130725,0.0021389148,0.0307293670625));
#2438=CARTESIAN_POINT('',(0.129847062164196,0.00218058146666667,0.0307293670625));
#2439=CARTESIAN_POINT('',(0.129408093246294,0.00222224813333333,0.03148968353125));
#2440=CARTESIAN_POINT('',(0.128969124328392,0.0022639148,0.03225));
#2441=CARTESIAN_POINT('',(0.129408093246294,0.00230558146666667,0.03301031646875));
#2442=CARTESIAN_POINT('',(0.129847062164196,0.00234724813333333,0.0337706329375));
#2443=CARTESIAN_POINT('',(0.130725,0.0023889148,0.0337706329375));
#2444=CARTESIAN_POINT('',(0.131602937835804,0.00243058146666667,0.0337706329375));
#2445=CARTESIAN_POINT('',(0.132041906753706,0.00247224813333334,0.03301031646875));
#2446=CARTESIAN_POINT('',(0.132480875671608,0.0025139148,0.03225));
#2447=CARTESIAN_POINT('',(0.132041906753706,0.00255558146666666,0.03148968353125));
#2448=CARTESIAN_POINT('',(0.131602937835804,0.00259724813333333,0.0307293670625));
#2449=CARTESIAN_POINT('',(0.130725,0.0026389148,0.0307293670625));
#2450=CARTESIAN_POINT('',(0.129847062164196,0.00268058146666666,0.0307293670625));
#2451=CARTESIAN_POINT('',(0.129408093246294,0.00272224813333333,0.03148968353125));
#2452=CARTESIAN_POINT('',(0.128969124328392,0.0027639148,0.03225));
#2453=CARTESIAN_POINT('',(0.129408093246294,0.00280558146666667,0.03301031646875));
#2454=CARTESIAN_POINT('',(0.129847062164196,0.00284724813333333,0.0337706329375));
#2455=CARTESIAN_POINT('',(0.130725,0.0028889148,0.0337706329375));
#2456=CARTESIAN_POINT('',(0.131602937835804,0.00293058146666666,0.0337706329375));
#2457=CARTESIAN_POINT('',(0.132041906753706,0.00297224813333334,0.03301031646875));
#2458=CARTESIAN_POINT('',(0.132480875671608,0.0030139148,0.03225));
#2459=CARTESIAN_POINT('',(0.132041906753706,0.00305558146666666,0.03148968353125));
#2460=CARTESIAN_POINT('',(0.131602937835804,0.00309724813333333,0.0307293670625));
#2461=CARTESIAN_POINT('',(0.130725,0.0031389148,0.0307293670625));
#2462=CARTESIAN_POINT('',(0.129847062164196,0.00318058146666666,0.0307293670625));
#2463=CARTESIAN_POINT('',(0.129408093246294,0.00322224813333333,0.03148968353125));
#2464=CARTESIAN_POINT('',(0.128969124328392,0.0032639148,0.03225));
#2465=CARTESIAN_POINT('',(0.129408093246294,0.00330558146666667,0.03301031646875));
#2466=CARTESIAN_POINT('',(0.129847062164196,0.00334724813333333,0.0337706329375));
#2467=CARTESIAN_POINT('',(0.130725,0.0033889148,0.0337706329375));
#2468=CARTESIAN_POINT('',(0.131602937835804,0.00343058146666666,0.0337706329375));
#2469=CARTESIAN_POINT('',(0.132041906753706,0.00347224813333334,0.03301031646875));
#2470=CARTESIAN_POINT('',(0.132154715018439,0.00348295582622946,0.0328149268227202));
#2471=CARTESIAN_POINT('',(0.132205932489604,0.00349499720292826,0.0325952006544677));
#2472=CARTESIAN_POINT('',(0.131093088333078,0.00139028383201459,0.0337488234444271));
#2473=CARTESIAN_POINT('',(0.13173242304344,0.00142441852701687,0.0335918125245012));
#2474=CARTESIAN_POINT('',(0.132061589149247,0.00145520267878788,0.0330216801051136));
#2475=CARTESIAN_POINT('',(0.132507118865663,0.00149686934545455,0.03225));
#2476=CARTESIAN_POINT('',(0.132061589149247,0.00153853601212121,0.0314783198948864));
#2477=CARTESIAN_POINT('',(0.131616059432831,0.00158020267878788,0.0307066397897728));
#2478=CARTESIAN_POINT('',(0.130725,0.00162186934545454,0.0307066397897727));
#2479=CARTESIAN_POINT('',(0.129833940567169,0.00166353601212121,0.0307066397897728));
#2480=CARTESIAN_POINT('',(0.129388410850753,0.00170520267878788,0.0314783198948864));
#2481=CARTESIAN_POINT('',(0.128942881134337,0.00174686934545454,0.03225));
#2482=CARTESIAN_POINT('',(0.129388410850753,0.00178853601212121,0.0330216801051136));
#2483=CARTESIAN_POINT('',(0.129833940567169,0.00183020267878788,0.0337933602102272));
#2484=CARTESIAN_POINT('',(0.130725,0.00187186934545454,0.0337933602102273));
#2485=CARTESIAN_POINT('',(0.131616059432831,0.00191353601212121,0.0337933602102272));
#2486=CARTESIAN_POINT('',(0.132061589149247,0.00195520267878788,0.0330216801051136));
#2487=CARTESIAN_POINT('',(0.132507118865663,0.00199686934545455,0.03225));
#2488=CARTESIAN_POINT('',(0.132061589149247,0.00203853601212121,0.0314783198948864));
#2489=CARTESIAN_POINT('',(0.131616059432831,0.00208020267878788,0.0307066397897728));
#2490=CARTESIAN_POINT('',(0.130725,0.00212186934545455,0.0307066397897727));
#2491=CARTESIAN_POINT('',(0.129833940567169,0.00216353601212121,0.0307066397897728));
#2492=CARTESIAN_POINT('',(0.129388410850753,0.00220520267878788,0.0314783198948864));
#2493=CARTESIAN_POINT('',(0.128942881134337,0.00224686934545455,0.03225));
#2494=CARTESIAN_POINT('',(0.129388410850753,0.00228853601212121,0.0330216801051136));
#2495=CARTESIAN_POINT('',(0.129833940567169,0.00233020267878788,0.0337933602102272));
#2496=CARTESIAN_POINT('',(0.130725,0.00237186934545454,0.0337933602102273));
#2497=CARTESIAN_POINT('',(0.131616059432831,0.00241353601212121,0.0337933602102272));
#2498=CARTESIAN_POINT('',(0.132061589149247,0.00245520267878787,0.0330216801051136));
#2499=CARTESIAN_POINT('',(0.132507118865663,0.00249686934545454,0.03225));
#2500=CARTESIAN_POINT('',(0.132061589149247,0.00253853601212121,0.0314783198948864));
#2501=CARTESIAN_POINT('',(0.131616059432831,0.00258020267878788,0.0307066397897728));
#2502=CARTESIAN_POINT('',(0.130725,0.00262186934545454,0.0307066397897727));
#2503=CARTESIAN_POINT('',(0.129833940567169,0.00266353601212121,0.0307066397897728));
#2504=CARTESIAN_POINT('',(0.129388410850753,0.00270520267878788,0.0314783198948864));
#2505=CARTESIAN_POINT('',(0.128942881134337,0.00274686934545454,0.03225));
#2506=CARTESIAN_POINT('',(0.129388410850753,0.00278853601212121,0.0330216801051136));
#2507=CARTESIAN_POINT('',(0.129833940567169,0.00283020267878788,0.0337933602102272));
#2508=CARTESIAN_POINT('',(0.130725,0.00287186934545455,0.0337933602102273));
#2509=CARTESIAN_POINT('',(0.131616059432831,0.00291353601212121,0.0337933602102272));
#2510=CARTESIAN_POINT('',(0.132061589149247,0.00295520267878788,0.0330216801051136));
#2511=CARTESIAN_POINT('',(0.132507118865663,0.00299686934545454,0.03225));
#2512=CARTESIAN_POINT('',(0.132061589149247,0.00303853601212121,0.0314783198948864));
#2513=CARTESIAN_POINT('',(0.131616059432831,0.00308020267878787,0.0307066397897728));
#2514=CARTESIAN_POINT('',(0.130725,0.00312186934545454,0.0307066397897727));
#2515=CARTESIAN_POINT('',(0.129833940567169,0.00316353601212121,0.0307066397897728));
#2516=CARTESIAN_POINT('',(0.129388410850753,0.00320520267878787,0.0314783198948864));
#2517=CARTESIAN_POINT('',(0.128942881134337,0.00324686934545454,0.03225));
#2518=CARTESIAN_POINT('',(0.129388410850753,0.00328853601212121,0.0330216801051136));
#2519=CARTESIAN_POINT('',(0.129833940567169,0.00333020267878788,0.0337933602102272));
#2520=CARTESIAN_POINT('',(0.130725,0.00337186934545454,0.0337933602102273));
#2521=CARTESIAN_POINT('',(0.131616059432831,0.00341353601212121,0.0337933602102272));
#2522=CARTESIAN_POINT('',(0.132061589149247,0.00345520267878788,0.0330216801051136));
#2523=CARTESIAN_POINT('',(0.132176083438354,0.003465910371684,0.0328233701792031));
#2524=CARTESIAN_POINT('',(0.132228066402235,0.0034779517483828,0.0326003599991236));
#2525=CARTESIAN_POINT('',(0.131093088333078,0.0013618747411055,0.0337488234444271));
#2526=CARTESIAN_POINT('',(0.13173242304344,0.00139600943610778,0.0335918125245012));
#2527=CARTESIAN_POINT('',(0.132061589149247,0.00142679358787879,0.0330216801051136));
#2528=CARTESIAN_POINT('',(0.132507118865663,0.00146846025454545,0.03225));
#2529=CARTESIAN_POINT('',(0.132061589149247,0.00151012692121212,0.0314783198948864));
#2530=CARTESIAN_POINT('',(0.131616059432831,0.00155179358787879,0.0307066397897728));
#2531=CARTESIAN_POINT('',(0.130725,0.00159346025454545,0.0307066397897727));
#2532=CARTESIAN_POINT('',(0.129833940567169,0.00163512692121212,0.0307066397897728));
#2533=CARTESIAN_POINT('',(0.129388410850753,0.00167679358787879,0.0314783198948864));
#2534=CARTESIAN_POINT('',(0.128942881134337,0.00171846025454545,0.03225));
#2535=CARTESIAN_POINT('',(0.129388410850753,0.00176012692121212,0.0330216801051136));
#2536=CARTESIAN_POINT('',(0.129833940567169,0.00180179358787879,0.0337933602102272));
#2537=CARTESIAN_POINT('',(0.130725,0.00184346025454545,0.0337933602102273));
#2538=CARTESIAN_POINT('',(0.131616059432831,0.00188512692121212,0.0337933602102272));
#2539=CARTESIAN_POINT('',(0.132061589149247,0.00192679358787879,0.0330216801051136));
#2540=CARTESIAN_POINT('',(0.132507118865663,0.00196846025454545,0.03225));
#2541=CARTESIAN_POINT('',(0.132061589149247,0.00201012692121212,0.0314783198948864));
#2542=CARTESIAN_POINT('',(0.131616059432831,0.00205179358787879,0.0307066397897728));
#2543=CARTESIAN_POINT('',(0.130725,0.00209346025454545,0.0307066397897727));
#2544=CARTESIAN_POINT('',(0.129833940567169,0.00213512692121212,0.0307066397897728));
#2545=CARTESIAN_POINT('',(0.129388410850753,0.00217679358787878,0.0314783198948864));
#2546=CARTESIAN_POINT('',(0.128942881134337,0.00221846025454545,0.03225));
#2547=CARTESIAN_POINT('',(0.129388410850753,0.00226012692121212,0.0330216801051136));
#2548=CARTESIAN_POINT('',(0.129833940567169,0.00230179358787879,0.0337933602102272));
#2549=CARTESIAN_POINT('',(0.130725,0.00234346025454545,0.0337933602102273));
#2550=CARTESIAN_POINT('',(0.131616059432831,0.00238512692121212,0.0337933602102272));
#2551=CARTESIAN_POINT('',(0.132061589149247,0.00242679358787879,0.0330216801051136));
#2552=CARTESIAN_POINT('',(0.132507118865663,0.00246846025454545,0.03225));
#2553=CARTESIAN_POINT('',(0.132061589149247,0.00251012692121212,0.0314783198948864));
#2554=CARTESIAN_POINT('',(0.131616059432831,0.00255179358787878,0.0307066397897728));
#2555=CARTESIAN_POINT('',(0.130725,0.00259346025454546,0.0307066397897727));
#2556=CARTESIAN_POINT('',(0.129833940567169,0.00263512692121212,0.0307066397897728));
#2557=CARTESIAN_POINT('',(0.129388410850753,0.00267679358787879,0.0314783198948864));
#2558=CARTESIAN_POINT('',(0.128942881134337,0.00271846025454545,0.03225));
#2559=CARTESIAN_POINT('',(0.129388410850753,0.00276012692121212,0.0330216801051136));
#2560=CARTESIAN_POINT('',(0.129833940567169,0.00280179358787879,0.0337933602102272));
#2561=CARTESIAN_POINT('',(0.130725,0.00284346025454545,0.0337933602102273));
#2562=CARTESIAN_POINT('',(0.131616059432831,0.00288512692121212,0.0337933602102272));
#2563=CARTESIAN_POINT('',(0.132061589149247,0.00292679358787878,0.0330216801051136));
#2564=CARTESIAN_POINT('',(0.132507118865663,0.00296846025454545,0.03225));
#2565=CARTESIAN_POINT('',(0.132061589149247,0.00301012692121212,0.0314783198948864));
#2566=CARTESIAN_POINT('',(0.131616059432831,0.00305179358787879,0.0307066397897728));
#2567=CARTESIAN_POINT('',(0.130725,0.00309346025454545,0.0307066397897727));
#2568=CARTESIAN_POINT('',(0.129833940567169,0.00313512692121212,0.0307066397897728));
#2569=CARTESIAN_POINT('',(0.129388410850753,0.00317679358787879,0.0314783198948864));
#2570=CARTESIAN_POINT('',(0.128942881134337,0.00321846025454545,0.03225));
#2571=CARTESIAN_POINT('',(0.129388410850753,0.00326012692121212,0.0330216801051136));
#2572=CARTESIAN_POINT('',(0.129833940567169,0.00330179358787879,0.0337933602102272));
#2573=CARTESIAN_POINT('',(0.130725,0.00334346025454546,0.0337933602102273));
#2574=CARTESIAN_POINT('',(0.131616059432831,0.00338512692121212,0.0337933602102272));
#2575=CARTESIAN_POINT('',(0.132061589149247,0.00342679358787879,0.0330216801051136));
#2576=CARTESIAN_POINT('',(0.132176083438354,0.00343750128077491,0.0328233701792031));
#2577=CARTESIAN_POINT('',(0.132228066402235,0.00344954265747371,0.0326003599991236));
#2578=CARTESIAN_POINT('',(0.131087667923845,0.00134482928656004,0.0337267520129066));
#2579=CARTESIAN_POINT('',(0.131717587894711,0.00137896398156233,0.0335720532103819));
#2580=CARTESIAN_POINT('',(0.132041906753706,0.00140974813333333,0.03301031646875));
#2581=CARTESIAN_POINT('',(0.132480875671608,0.0014514148,0.03225));
#2582=CARTESIAN_POINT('',(0.132041906753706,0.00149308146666667,0.03148968353125));
#2583=CARTESIAN_POINT('',(0.131602937835804,0.00153474813333333,0.0307293670625));
#2584=CARTESIAN_POINT('',(0.130725,0.0015764148,0.0307293670625));
#2585=CARTESIAN_POINT('',(0.129847062164196,0.00161808146666667,0.0307293670625));
#2586=CARTESIAN_POINT('',(0.129408093246294,0.00165974813333333,0.03148968353125));
#2587=CARTESIAN_POINT('',(0.128969124328392,0.0017014148,0.03225));
#2588=CARTESIAN_POINT('',(0.129408093246294,0.00174308146666667,0.03301031646875));
#2589=CARTESIAN_POINT('',(0.129847062164196,0.00178474813333334,0.0337706329375));
#2590=CARTESIAN_POINT('',(0.130725,0.0018264148,0.0337706329375));
#2591=CARTESIAN_POINT('',(0.131602937835804,0.00186808146666666,0.0337706329375));
#2592=CARTESIAN_POINT('',(0.132041906753706,0.00190974813333333,0.03301031646875));
#2593=CARTESIAN_POINT('',(0.132480875671608,0.0019514148,0.03225));
#2594=CARTESIAN_POINT('',(0.132041906753706,0.00199308146666667,0.03148968353125));
#2595=CARTESIAN_POINT('',(0.131602937835804,0.00203474813333334,0.0307293670625));
#2596=CARTESIAN_POINT('',(0.130725,0.0020764148,0.0307293670625));
#2597=CARTESIAN_POINT('',(0.129847062164196,0.00211808146666666,0.0307293670625));
#2598=CARTESIAN_POINT('',(0.129408093246294,0.00215974813333333,0.03148968353125));
#2599=CARTESIAN_POINT('',(0.128969124328392,0.0022014148,0.03225));
#2600=CARTESIAN_POINT('',(0.129408093246294,0.00224308146666667,0.03301031646875));
#2601=CARTESIAN_POINT('',(0.129847062164196,0.00228474813333334,0.0337706329375));
#2602=CARTESIAN_POINT('',(0.130725,0.0023264148,0.0337706329375));
#2603=CARTESIAN_POINT('',(0.131602937835804,0.00236808146666667,0.0337706329375));
#2604=CARTESIAN_POINT('',(0.132041906753706,0.00240974813333334,0.03301031646875));
#2605=CARTESIAN_POINT('',(0.132480875671608,0.0024514148,0.03225));
#2606=CARTESIAN_POINT('',(0.132041906753706,0.00249308146666667,0.03148968353125));
#2607=CARTESIAN_POINT('',(0.131602937835804,0.00253474813333334,0.0307293670625));
#2608=CARTESIAN_POINT('',(0.130725,0.0025764148,0.0307293670625));
#2609=CARTESIAN_POINT('',(0.129847062164196,0.00261808146666667,0.0307293670625));
#2610=CARTESIAN_POINT('',(0.129408093246294,0.00265974813333333,0.03148968353125));
#2611=CARTESIAN_POINT('',(0.128969124328392,0.0027014148,0.03225));
#2612=CARTESIAN_POINT('',(0.129408093246294,0.00274308146666667,0.03301031646875));
#2613=CARTESIAN_POINT('',(0.129847062164196,0.00278474813333334,0.0337706329375));
#2614=CARTESIAN_POINT('',(0.130725,0.0028264148,0.0337706329375));
#2615=CARTESIAN_POINT('',(0.131602937835804,0.00286808146666667,0.0337706329375));
#2616=CARTESIAN_POINT('',(0.132041906753706,0.00290974813333334,0.03301031646875));
#2617=CARTESIAN_POINT('',(0.132480875671608,0.0029514148,0.03225));
#2618=CARTESIAN_POINT('',(0.132041906753706,0.00299308146666667,0.03148968353125));
#2619=CARTESIAN_POINT('',(0.131602937835804,0.00303474813333333,0.0307293670625));
#2620=CARTESIAN_POINT('',(0.130725,0.0030764148,0.0307293670625));
#2621=CARTESIAN_POINT('',(0.129847062164196,0.00311808146666667,0.0307293670625));
#2622=CARTESIAN_POINT('',(0.129408093246294,0.00315974813333333,0.03148968353125));
#2623=CARTESIAN_POINT('',(0.128969124328392,0.0032014148,0.03225));
#2624=CARTESIAN_POINT('',(0.129408093246294,0.00324308146666667,0.03301031646875));
#2625=CARTESIAN_POINT('',(0.129847062164196,0.00328474813333333,0.0337706329375));
#2626=CARTESIAN_POINT('',(0.130725,0.0033264148,0.0337706329375));
#2627=CARTESIAN_POINT('',(0.131602937835804,0.00336808146666667,0.0337706329375));
#2628=CARTESIAN_POINT('',(0.132041906753706,0.00340974813333334,0.03301031646875));
#2629=CARTESIAN_POINT('',(0.132154715018439,0.00342045582622946,0.0328149268227202));
#2630=CARTESIAN_POINT('',(0.132205932489604,0.00343249720292826,0.0325952006544677));
#2631=CARTESIAN_POINT('',(0.131314739766044,0.0014201648,0.0336516174724069));
#2632=CARTESIAN_POINT('',(0.131699593362583,0.0014201648,0.0335215553949534));
#2633=CARTESIAN_POINT('',(0.132009654487665,0.00142016480000055,0.0332015965586658));
#2634=CARTESIAN_POINT('',(0.132134664461315,0.00142016480000055,0.0328202373515627));
#2635=CARTESIAN_POINT('',(0.130725,0.0014201648,0.03225));
#2636=CARTESIAN_POINT('',(0.133325641727526,0.0014201648,0.0382063331752841));
#2637=CARTESIAN_POINT('',(0.133325641727526,0.0014201648,0.056706333175284));
#2638=CARTESIAN_POINT('',(0.133325641727526,0.0244201648,0.0382063331752841));
#2639=CARTESIAN_POINT('',(0.133325641727526,0.0244201648,0.0382063331752841));
#2640=CARTESIAN_POINT('',(0.133325641727526,0.0244201648,0.056706333175284));
#2641=CARTESIAN_POINT('',(0.133325641727526,0.0364921791175671,0.0382064136641338));
#2642=CARTESIAN_POINT('',(0.119065607234787,0.0281273070123542,0.0397984146012121));
#2643=CARTESIAN_POINT('',(0.118451842570382,0.0276743188810062,0.0382065130983983));
#2644=CARTESIAN_POINT('',(0.119065483394445,0.028127166376095,0.0366139311985213));
#2645=CARTESIAN_POINT('',(0.12032058848667,0.0291373757532849,0.0360072027491912));
#2646=CARTESIAN_POINT('',(0.121494747058213,0.0302643013139325,0.0365963501497316));
#2647=CARTESIAN_POINT('',(0.121961755231969,0.0308052730075606,0.0382055649979549));
#2648=CARTESIAN_POINT('',(0.12149730353107,0.030266895353135,0.0398136298282238));
#2649=CARTESIAN_POINT('',(0.120319453856397,0.0291362685738994,0.0404064083995947));
#2650=CARTESIAN_POINT('',(0.119065607234787,0.0281273070123542,0.0397984146012121));
#2651=CARTESIAN_POINT('',(0.118451842570382,0.0276743188810062,0.0382065130983983));
#2652=CARTESIAN_POINT('',(0.119065483394445,0.028127166376095,0.0366139311985213));
#2653=CARTESIAN_POINT('',(0.118656410151793,0.0278252914854124,0.0382063996988878));
#2654=CARTESIAN_POINT('',(0.133325641727526,0.0364201648,0.0382063996988891));
#2655=CARTESIAN_POINT('',(0.133325641727526,0.0364201648,0.0432063996988891));
#2656=CARTESIAN_POINT('',(0.133325641727526,0.0394201648,0.0382063996988891));
#2657=CARTESIAN_POINT('',(0.116436644611748,0.0314162750125528,0.0382063996988891));
#2658=CARTESIAN_POINT('',(0.116436644611748,0.0314162750125528,0.0382063996988891));
#2659=CARTESIAN_POINT('',(0.115936644611748,0.0305502496087684,0.0382063996988891));
#2660=CARTESIAN_POINT('',(0.116436644611748,0.0314162750125528,0.0382063996988891));
#2661=CARTESIAN_POINT('',(0.115436644611748,0.0296842242049839,0.0382063996988891));
#2662=CARTESIAN_POINT('',(0.12157217525619,0.0284512750125528,0.0382063996988891));
#2663=CARTESIAN_POINT('',(0.12157217525619,0.0284512750125528,0.0382063996988891));
#2664=CARTESIAN_POINT('',(0.12157217525619,0.0284512750125528,0.0382063996988891));
#2665=CARTESIAN_POINT('',(0.12157217525619,0.0284512750125528,0.0382063996988891));
#2666=CARTESIAN_POINT('',(0.128214590103216,0.0246162750125528,0.0382063996988891));
#2667=MECHANICAL_DESIGN_GEOMETRIC_PRESENTATION_REPRESENTATION('',(#358),
#2668);
#2668=(
GEOMETRIC_REPRESENTATION_CONTEXT(3)
GLOBAL_UNCERTAINTY_ASSIGNED_CONTEXT((#2669))
GLOBAL_UNIT_ASSIGNED_CONTEXT((#2672,#2671,#2670))
REPRESENTATION_CONTEXT('Posoda_V5','TOP_LEVEL_ASSEMBLY_PART')
);
#2669=UNCERTAINTY_MEASURE_WITH_UNIT(LENGTH_MEASURE(2.E-5),#2672,
'DISTANCE_ACCURACY_VALUE','Maximum Tolerance applied to model');
#2670=(
NAMED_UNIT(*)
SI_UNIT($,.STERADIAN.)
SOLID_ANGLE_UNIT()
);
#2671=(
NAMED_UNIT(*)
PLANE_ANGLE_UNIT()
SI_UNIT($,.RADIAN.)
);
#2672=(
LENGTH_UNIT()
NAMED_UNIT(*)
SI_UNIT($,.METRE.)
);
#2673=PRODUCT_DEFINITION_SHAPE('','',#2674);
#2674=PRODUCT_DEFINITION('','',#2676,#2675);
#2675=PRODUCT_DEFINITION_CONTEXT('',#2682,'design');
#2676=PRODUCT_DEFINITION_FORMATION_WITH_SPECIFIED_SOURCE('','',#2678,
 .NOT_KNOWN.);
#2677=PRODUCT_RELATED_PRODUCT_CATEGORY('','',(#2678));
#2678=PRODUCT('Posoda_V5','Posoda_V5','Posoda_V5',(#2680));
#2679=PRODUCT_CATEGORY('','');
#2680=PRODUCT_CONTEXT('',#2682,'mechanical');
#2681=APPLICATION_PROTOCOL_DEFINITION('international standard',
'ap242_managed_model_based_3d_engineering',2020,#2682);
#2682=APPLICATION_CONTEXT('managed model based 3d engineering');
ENDSEC;
END-ISO-10303-21;
